phase,role,seed,configuration,run_id,status
H0_dev30,development,400001,H0,,registered_before_run
H0_dev30,development,400002,H0,,registered_before_run
H0_dev30,development,400003,H0,,registered_before_run
H0_dev30,development,400004,H0,,registered_before_run
H0_dev30,development,400005,H0,,registered_before_run
H0_dev30,development,400006,H0,,registered_before_run
H0_dev30,development,400007,H0,,registered_before_run
H0_dev30,development,400008,H0,,registered_before_run
H0_dev30,development,400009,H0,,registered_before_run
H0_dev30,development,400010,H0,,registered_before_run
H0_dev30,development,400011,H0,,registered_before_run
H0_dev30,development,400012,H0,,registered_before_run
H0_dev30,development,400013,H0,,registered_before_run
H0_dev30,development,400014,H0,,registered_before_run
H0_dev30,development,400015,H0,,registered_before_run
H0_dev30,development,400016,H0,,registered_before_run
H0_dev30,development,400017,H0,,registered_before_run
H0_dev30,development,400018,H0,,registered_before_run
H0_dev30,development,400019,H0,,registered_before_run
H0_dev30,development,400020,H0,,registered_before_run
H0_dev30,development,400021,H0,,registered_before_run
H0_dev30,development,400022,H0,,registered_before_run
H0_dev30,development,400023,H0,,registered_before_run
H0_dev30,development,400024,H0,,registered_before_run
H0_dev30,development,400025,H0,,registered_before_run
H0_dev30,development,400026,H0,,registered_before_run
H0_dev30,development,400027,H0,,registered_before_run
H0_dev30,development,400028,H0,,registered_before_run
H0_dev30,development,400029,H0,,registered_before_run
H0_dev30,development,400030,H0,,registered_before_run
H0_dev30,development,400001,H0,20260912T081417604454Z-0e5bd648,complete
H0_dev30,development,400002,H0,20260912T081417604454Z-79006c3b,complete
H0_dev30,development,400003,H0,20260912T081417615248Z-cc4c73e7,complete
H0_dev30,development,400004,H0,20260912T081417610599Z-9c61ec65,complete
H0_dev30,development,400005,H0,20260912T081425149133Z-c1d85832,complete
H0_dev30,development,400006,H0,20260912T081426211909Z-119b8588,complete
H0_dev30,development,400007,H0,20260912T081423993301Z-54f20313,complete
H0_dev30,development,400008,H0,20260912T081425450813Z-31f39549,complete
H0_dev30,development,400009,H0,20260912T081431637914Z-8723e05c,complete
H0_dev30,development,400010,H0,20260912T081433486386Z-9015ba7e,complete
H0_dev30,development,400011,H0,20260912T081429471015Z-b82f7497,complete
H0_dev30,development,400012,H0,20260912T081433757131Z-d79c6432,complete
H0_dev30,development,400013,H0,20260912T081437527316Z-2ac26fe5,complete
H0_dev30,development,400014,H0,20260912T081440868637Z-088c0516,complete
H0_dev30,development,400015,H0,20260912T081435820941Z-d5e79ab1,complete
H0_dev30,development,400016,H0,20260912T081441574116Z-5aeec90e,complete
H0_dev30,development,400017,H0,20260912T081443484619Z-5db2201e,complete
H0_dev30,development,400018,H0,20260912T081444986707Z-21a517b9,complete
H0_dev30,development,400019,H0,20260912T081442740626Z-c0fdce21,complete
H0_dev30,development,400020,H0,20260912T081449104200Z-c6144479,complete
H0_dev30,development,400021,H0,20260912T081450962585Z-5f60a9b1,complete
H0_dev30,development,400022,H0,20260912T081451329304Z-7399cb4a,complete
H0_dev30,development,400023,H0,20260912T081450325356Z-d2951787,complete
H0_dev30,development,400024,H0,20260912T081456624780Z-02a24f30,complete
H0_dev30,development,400025,H0,20260912T081457365489Z-f28e90b4,complete
H0_dev30,development,400026,H0,20260912T081456864861Z-8edf6496,complete
H0_dev30,development,400027,H0,20260912T081454674878Z-6471e3b2,complete
H0_dev30,development,400028,H0,20260912T081503572475Z-cf6298d5,complete
H0_dev30,development,400029,H0,20260912T081504305226Z-1627fa5d,complete
H0_dev30,development,400030,H0,20260912T081504300191Z-a656f182,complete
A_22_dev30,development,400001,H0,,registered_before_run
A_22_dev30,development,400001,H1_22,,registered_before_run
A_22_dev30,development,400002,H0,,registered_before_run
A_22_dev30,development,400002,H1_22,,registered_before_run
A_22_dev30,development,400003,H0,,registered_before_run
A_22_dev30,development,400003,H1_22,,registered_before_run
A_22_dev30,development,400004,H0,,registered_before_run
A_22_dev30,development,400004,H1_22,,registered_before_run
A_22_dev30,development,400005,H0,,registered_before_run
A_22_dev30,development,400005,H1_22,,registered_before_run
A_22_dev30,development,400006,H0,,registered_before_run
A_22_dev30,development,400006,H1_22,,registered_before_run
A_22_dev30,development,400007,H0,,registered_before_run
A_22_dev30,development,400007,H1_22,,registered_before_run
A_22_dev30,development,400008,H0,,registered_before_run
A_22_dev30,development,400008,H1_22,,registered_before_run
A_22_dev30,development,400009,H0,,registered_before_run
A_22_dev30,development,400009,H1_22,,registered_before_run
A_22_dev30,development,400010,H0,,registered_before_run
A_22_dev30,development,400010,H1_22,,registered_before_run
A_22_dev30,development,400011,H0,,registered_before_run
A_22_dev30,development,400011,H1_22,,registered_before_run
A_22_dev30,development,400012,H0,,registered_before_run
A_22_dev30,development,400012,H1_22,,registered_before_run
A_22_dev30,development,400013,H0,,registered_before_run
A_22_dev30,development,400013,H1_22,,registered_before_run
A_22_dev30,development,400014,H0,,registered_before_run
A_22_dev30,development,400014,H1_22,,registered_before_run
A_22_dev30,development,400015,H0,,registered_before_run
A_22_dev30,development,400015,H1_22,,registered_before_run
A_22_dev30,development,400016,H0,,registered_before_run
A_22_dev30,development,400016,H1_22,,registered_before_run
A_22_dev30,development,400017,H0,,registered_before_run
A_22_dev30,development,400017,H1_22,,registered_before_run
A_22_dev30,development,400018,H0,,registered_before_run
A_22_dev30,development,400018,H1_22,,registered_before_run
A_22_dev30,development,400019,H0,,registered_before_run
A_22_dev30,development,400019,H1_22,,registered_before_run
A_22_dev30,development,400020,H0,,registered_before_run
A_22_dev30,development,400020,H1_22,,registered_before_run
A_22_dev30,development,400021,H0,,registered_before_run
A_22_dev30,development,400021,H1_22,,registered_before_run
A_22_dev30,development,400022,H0,,registered_before_run
A_22_dev30,development,400022,H1_22,,registered_before_run
A_22_dev30,development,400023,H0,,registered_before_run
A_22_dev30,development,400023,H1_22,,registered_before_run
A_22_dev30,development,400024,H0,,registered_before_run
A_22_dev30,development,400024,H1_22,,registered_before_run
A_22_dev30,development,400025,H0,,registered_before_run
A_22_dev30,development,400025,H1_22,,registered_before_run
A_22_dev30,development,400026,H0,,registered_before_run
A_22_dev30,development,400026,H1_22,,registered_before_run
A_22_dev30,development,400027,H0,,registered_before_run
A_22_dev30,development,400027,H1_22,,registered_before_run
A_22_dev30,development,400028,H0,,registered_before_run
A_22_dev30,development,400028,H1_22,,registered_before_run
A_22_dev30,development,400029,H0,,registered_before_run
A_22_dev30,development,400029,H1_22,,registered_before_run
A_22_dev30,development,400030,H0,,registered_before_run
A_22_dev30,development,400030,H1_22,,registered_before_run
A_22_dev30,development,400001,H0,20260912T081629467683Z-de58cee0,complete
A_22_dev30,development,400001,H1_22,20260912T081629484252Z-ba77efa7,complete
A_22_dev30,development,400002,H0,20260912T081629504048Z-802d88e9,complete
A_22_dev30,development,400002,H1_22,20260912T081629516320Z-e935b2ea,complete
A_22_dev30,development,400003,H0,20260912T081636648507Z-57b855f7,complete
A_22_dev30,development,400003,H1_22,20260912T081636011193Z-a437efed,complete
A_22_dev30,development,400004,H0,20260912T081637470228Z-d78dd564,complete
A_22_dev30,development,400004,H1_22,20260912T081636609684Z-cb905a32,complete
A_22_dev30,development,400005,H0,20260912T081642012255Z-ead996c1,complete
A_22_dev30,development,400005,H1_22,20260912T081639615608Z-8a490f2e,complete
A_22_dev30,development,400006,H0,20260912T081644517427Z-2f763b01,complete
A_22_dev30,development,400006,H1_22,20260912T081642911207Z-9d5fd48f,complete
A_22_dev30,development,400007,H0,20260912T081647812533Z-22dd0428,complete
A_22_dev30,development,400007,H1_22,20260912T081645125032Z-202c311d,complete
A_22_dev30,development,400008,H0,20260912T081651065505Z-d5bd1fd0,complete
A_22_dev30,development,400008,H1_22,20260912T081649108240Z-aa6e0a0b,complete
A_22_dev30,development,400009,H0,20260912T081653863889Z-01a2c9f3,complete
A_22_dev30,development,400009,H1_22,20260912T081650041865Z-640759b2,complete
A_22_dev30,development,400010,H0,20260912T081659667844Z-b7f8e99a,complete
A_22_dev30,development,400010,H1_22,20260912T081655334305Z-e35afa24,complete
A_22_dev30,development,400011,H0,20260912T081700066197Z-cdc4e676,complete
A_22_dev30,development,400011,H1_22,20260912T081654431391Z-255a51c2,complete
A_22_dev30,development,400012,H0,20260912T081706609652Z-0a8506a4,complete
A_22_dev30,development,400012,H1_22,20260912T081701182301Z-5c1cdeda,complete
A_22_dev30,development,400013,H0,20260912T081706914013Z-40fdf8a3,complete
A_22_dev30,development,400013,H1_22,20260912T081700119229Z-0a3b139a,complete
A_22_dev30,development,400014,H0,20260912T081713708013Z-c983c160,complete
A_22_dev30,development,400014,H1_22,20260912T081707385428Z-a20f7516,complete
A_22_dev30,development,400015,H0,20260912T081713541957Z-a0a3e738,complete
A_22_dev30,development,400015,H1_22,20260912T081706941487Z-96500c17,complete
A_22_dev30,development,400016,H0,20260912T081718219231Z-bcc57348,complete
A_22_dev30,development,400016,H1_22,20260912T081711582709Z-8e1e9899,complete
A_22_dev30,development,400017,H0,20260912T081719334694Z-316dfee5,complete
A_22_dev30,development,400017,H1_22,20260912T081712954188Z-e86c1806,complete
A_22_dev30,development,400018,H0,20260912T081724352825Z-23c0e36f,complete
A_22_dev30,development,400018,H1_22,20260912T081717529322Z-cb19793c,complete
A_22_dev30,development,400019,H0,20260912T081725506142Z-e424525a,complete
A_22_dev30,development,400019,H1_22,20260912T081718609857Z-7c0fe116,complete
A_22_dev30,development,400020,H0,20260912T081729197137Z-ae596002,complete
A_22_dev30,development,400020,H1_22,20260912T081722667774Z-b25e62cb,complete
A_22_dev30,development,400021,H0,20260912T081731484217Z-5fdcf3ec,complete
A_22_dev30,development,400021,H1_22,20260912T081724672985Z-9753bf9e,complete
A_22_dev30,development,400022,H0,20260912T081735762548Z-2a64cfbc,complete
A_22_dev30,development,400022,H1_22,20260912T081727733489Z-62503778,complete
A_22_dev30,development,400023,H0,20260912T081736225514Z-cdde886f,complete
A_22_dev30,development,400023,H1_22,20260912T081728748486Z-330f0132,complete
A_22_dev30,development,400024,H0,20260912T081739780702Z-37dc9a1b,complete
A_22_dev30,development,400024,H1_22,20260912T081731672885Z-d0de6264,complete
A_22_dev30,development,400025,H0,20260912T081739729983Z-e1c1d770,complete
A_22_dev30,development,400025,H1_22,20260912T081732916276Z-cb049c0e,complete
A_22_dev30,development,400026,H0,20260912T081745046273Z-2b94faeb,complete
A_22_dev30,development,400026,H1_22,20260912T081736648583Z-30917fdd,complete
A_22_dev30,development,400027,H0,20260912T081745303629Z-0d9318f6,complete
A_22_dev30,development,400027,H1_22,20260912T081737815662Z-cf719493,complete
A_22_dev30,development,400028,H0,20260912T081750235707Z-5c1eb6de,complete
A_22_dev30,development,400028,H1_22,20260912T081741393924Z-d1d16b4e,complete
A_22_dev30,development,400029,H0,20260912T081750014629Z-718a56dc,complete
A_22_dev30,development,400029,H1_22,20260912T081741748980Z-372c397e,complete
A_22_dev30,development,400030,H0,20260912T081752999168Z-0a6758e8,complete
A_22_dev30,development,400030,H1_22,20260912T081745359752Z-24877e7e,complete
