variant,seed,scenario,reception,error_mode,run_id,strategy_hash,parameter_hash,clear_count,jammer_count,clear_ratio,total_time,move_time,move_distance,RF_detection_count,RF_detection_time,channel_switch_time,optical_time,clear_time,optical_failed_count,completion_proved,client_error,measured_program_wall_time_s,average_localization_clear_time_s_per_source,variant_hash,scene_hash
defer_clear,12001,uniform,mixed,fixed_hash,20260912T085459035833Z-s12001-G-c255ea6d,4ae85ce7bdd7f49d8087a86a419350401a27de7971a5cc4ad0255d4750ca208e,386b04b1298ce930382bcba119518020ef12a25d97d9c834c2aaf23e8bc632bc,13,13,1.0,3329.450085,2577.4500853380227,12887.250426690114,115,575,109,42,26,1,True,,3.4294310999976005,256.111545,619e95fe4cb1979d722082bea439f149db05516fdcaa36c9ac30e19638a023e5,725b1f0b226e065d75673150561eb091d571b8c10db7cadc4204ba50c470651a
optical80,12001,uniform,mixed,fixed_hash,20260912T085458954849Z-s12001-G-928ea65b,4ae85ce7bdd7f49d8087a86a419350401a27de7971a5cc4ad0255d4750ca208e,46f860bff62566d2434e4546ac541f421ef4e86e3418fcd986db2b131f47c59c,13,13,1.0,2896.242369,2096.24236694687,10481.21183473435,123,615,117,42,26,1,True,,4.153339500000584,222.78787453846155,65e0355b4ecb6da1ba7de312dbf552f68625f82613dd8464d7d4bd370fee7158,725b1f0b226e065d75673150561eb091d571b8c10db7cadc4204ba50c470651a
optical120,12001,uniform,mixed,fixed_hash,20260912T085458961504Z-s12001-G-b4418efb,4ae85ce7bdd7f49d8087a86a419350401a27de7971a5cc4ad0255d4750ca208e,b00cde01e57a36bd297e2fa45e4e98cac574293751b4dd66538f32c6dc4f9b41,13,13,1.0,2903.436353,2100.4363517586826,10502.181758793413,123,615,117,45,26,2,True,,4.171492599998601,223.34125792307694,f2f2382ca67aadbbc2fee50ced23074313f549a0e318fb8cab221fecfe408de2,725b1f0b226e065d75673150561eb091d571b8c10db7cadc4204ba50c470651a
commit400,12001,uniform,mixed,fixed_hash,20260912T085458997869Z-s12001-G-9523139c,4ae85ce7bdd7f49d8087a86a419350401a27de7971a5cc4ad0255d4750ca208e,e4f0b01669f509f4dd0f5d3941b450f90e3689dca809a6d3d8c57266da95442f,13,13,1.0,2876.950204,2101.950203799305,10509.751018996525,119,595,112,42,26,1,True,,4.167939300008584,221.30386184615386,0204f5b869759bb0eccf1e3da3408646b9bcfcdaadae8c8da9faa2838d16a58c,725b1f0b226e065d75673150561eb091d571b8c10db7cadc4204ba50c470651a
share_loose,12001,uniform,mixed,fixed_hash,20260912T085458974810Z-s12001-G-d771e2da,4ae85ce7bdd7f49d8087a86a419350401a27de7971a5cc4ad0255d4750ca208e,666470bd322b3828274c261ba31ee03a054a12e2443788ba31d2f221ba8cd918,13,13,1.0,2924.601429,2099.6014288187716,10498.00714409386,127,635,122,42,26,1,True,,4.257898199997726,224.96934069230767,ce3f502b1d3611333dbda3b5496cdf59c1098043e4dcc9db5cbe45b974657491,725b1f0b226e065d75673150561eb091d571b8c10db7cadc4204ba50c470651a
early_clear,12001,uniform,mixed,fixed_hash,20260912T085459028176Z-s12001-G-9b05c5b1,4ae85ce7bdd7f49d8087a86a419350401a27de7971a5cc4ad0255d4750ca208e,500ba23ecc21810d3ac5f773055242d64c32f5f7a4a0b68a82d17484a530b795,13,13,1.0,2900.307294,2093.307291544149,10466.536457720744,124,620,119,42,26,1,True,,4.259489400006714,223.1005610769231,2e3e1472e3a016bf1eff67b39b9d456e5c26321ec27bae159b9e9994e927ba7a,725b1f0b226e065d75673150561eb091d571b8c10db7cadc4204ba50c470651a
G,12001,uniform,mixed,fixed_hash,20260912T085458931677Z-s12001-G-4fbb9691,4ae85ce7bdd7f49d8087a86a419350401a27de7971a5cc4ad0255d4750ca208e,66b91d427f3d3cf867c3c0655a9c6a665d491b885a854ee10cfda26d72a0095b,13,13,1.0,2900.307294,2093.307291544149,10466.536457720744,124,620,119,42,26,1,True,,4.321671300000162,223.1005610769231,b86e372656266059655318a0d78412a33495e50853782e3e3176ca6f4fc14972,725b1f0b226e065d75673150561eb091d571b8c10db7cadc4204ba50c470651a
commit0,12001,uniform,mixed,fixed_hash,20260912T085459014173Z-s12001-G-72e006a6,4ae85ce7bdd7f49d8087a86a419350401a27de7971a5cc4ad0255d4750ca208e,406d2c64289051b3c073155c29c269de2b145c4eba8d1b8206e6fc64617b0fe6,13,13,1.0,2894.353179,2087.353179635092,10436.765898175461,124,620,119,42,26,1,True,,4.397151199998916,222.64255223076924,90ba3e687458c75621d5338ed7ea2f176f792745b98453b1e31eb7e0d05a4092,725b1f0b226e065d75673150561eb091d571b8c10db7cadc4204ba50c470651a
defer_clear,12002,uniform,mixed,fixed_hash,20260912T085503542215Z-s12002-G-9597b650,4ae85ce7bdd7f49d8087a86a419350401a27de7971a5cc4ad0255d4750ca208e,386b04b1298ce930382bcba119518020ef12a25d97d9c834c2aaf23e8bc632bc,16,16,1.0,2729.195702,2092.1957015626363,10460.97850781318,94,470,87,48,32,0,True,,3.0840649000019766,170.574731375,619e95fe4cb1979d722082bea439f149db05516fdcaa36c9ac30e19638a023e5,d2f0467af85ec9881ec1bd6ed68f956aa5938063ff9d0c20d74ec8d8f7fd1831
G,12002,uniform,mixed,fixed_hash,20260912T085502590775Z-s12002-G-701d7b4f,4ae85ce7bdd7f49d8087a86a419350401a27de7971a5cc4ad0255d4750ca208e,66b91d427f3d3cf867c3c0655a9c6a665d491b885a854ee10cfda26d72a0095b,16,16,1.0,2804.465918,2189.4659177117173,10947.329588558587,90,450,85,48,32,0,True,,4.090780200000154,175.279119875,b86e372656266059655318a0d78412a33495e50853782e3e3176ca6f4fc14972,d2f0467af85ec9881ec1bd6ed68f956aa5938063ff9d0c20d74ec8d8f7fd1831
optical120,12002,uniform,mixed,fixed_hash,20260912T085503266858Z-s12002-G-0af5fe03,4ae85ce7bdd7f49d8087a86a419350401a27de7971a5cc4ad0255d4750ca208e,b00cde01e57a36bd297e2fa45e4e98cac574293751b4dd66538f32c6dc4f9b41,16,16,1.0,2826.004496,2215.0044924515178,11075.022462257588,88,440,85,54,32,2,True,,3.777209199994104,176.625281,f2f2382ca67aadbbc2fee50ced23074313f549a0e318fb8cab221fecfe408de2,d2f0467af85ec9881ec1bd6ed68f956aa5938063ff9d0c20d74ec8d8f7fd1831
optical80,12002,uniform,mixed,fixed_hash,20260912T085503250439Z-s12002-G-1503af04,4ae85ce7bdd7f49d8087a86a419350401a27de7971a5cc4ad0255d4750ca208e,46f860bff62566d2434e4546ac541f421ef4e86e3418fcd986db2b131f47c59c,16,16,1.0,2806.566315,2193.566313270566,10967.83156635283,89,445,85,51,32,1,True,,3.888998599999468,175.4103946875,65e0355b4ecb6da1ba7de312dbf552f68625f82613dd8464d7d4bd370fee7158,d2f0467af85ec9881ec1bd6ed68f956aa5938063ff9d0c20d74ec8d8f7fd1831
commit0,12002,uniform,mixed,fixed_hash,20260912T085503418168Z-s12002-G-fd341bc9,4ae85ce7bdd7f49d8087a86a419350401a27de7971a5cc4ad0255d4750ca208e,406d2c64289051b3c073155c29c269de2b145c4eba8d1b8206e6fc64617b0fe6,16,16,1.0,2719.504962,2104.5049629967325,10522.524814983663,90,450,85,48,32,0,True,,3.907539899999392,169.969060125,90ba3e687458c75621d5338ed7ea2f176f792745b98453b1e31eb7e0d05a4092,d2f0467af85ec9881ec1bd6ed68f956aa5938063ff9d0c20d74ec8d8f7fd1831
commit400,12002,uniform,mixed,fixed_hash,20260912T085503365372Z-s12002-G-4862ad24,4ae85ce7bdd7f49d8087a86a419350401a27de7971a5cc4ad0255d4750ca208e,e4f0b01669f509f4dd0f5d3941b450f90e3689dca809a6d3d8c57266da95442f,16,16,1.0,2809.115951,2211.11595121524,11055.5797560762,88,440,78,48,32,0,True,,4.196935100000701,175.5697469375,0204f5b869759bb0eccf1e3da3408646b9bcfcdaadae8c8da9faa2838d16a58c,d2f0467af85ec9881ec1bd6ed68f956aa5938063ff9d0c20d74ec8d8f7fd1831
early_clear,12002,uniform,mixed,fixed_hash,20260912T085503423913Z-s12002-G-1fe3370f,4ae85ce7bdd7f49d8087a86a419350401a27de7971a5cc4ad0255d4750ca208e,500ba23ecc21810d3ac5f773055242d64c32f5f7a4a0b68a82d17484a530b795,16,16,1.0,2804.465918,2189.4659177117173,10947.329588558587,90,450,85,48,32,0,True,,4.179828299995279,175.279119875,2e3e1472e3a016bf1eff67b39b9d456e5c26321ec27bae159b9e9994e927ba7a,d2f0467af85ec9881ec1bd6ed68f956aa5938063ff9d0c20d74ec8d8f7fd1831
share_loose,12002,uniform,mixed,fixed_hash,20260912T085503298917Z-s12002-G-9b6b5907,4ae85ce7bdd7f49d8087a86a419350401a27de7971a5cc4ad0255d4750ca208e,666470bd322b3828274c261ba31ee03a054a12e2443788ba31d2f221ba8cd918,16,16,1.0,2933.146428,2252.1464254455955,11260.732127227977,102,510,91,48,32,0,True,,4.460216899999068,183.32165175,ce3f502b1d3611333dbda3b5496cdf59c1098043e4dcc9db5cbe45b974657491,d2f0467af85ec9881ec1bd6ed68f956aa5938063ff9d0c20d74ec8d8f7fd1831
defer_clear,12003,uniform,mixed,fixed_hash,20260912T085507864737Z-s12003-G-f9093bdc,4ae85ce7bdd7f49d8087a86a419350401a27de7971a5cc4ad0255d4750ca208e,386b04b1298ce930382bcba119518020ef12a25d97d9c834c2aaf23e8bc632bc,14,14,1.0,3124.941704,2398.941704652392,11994.708523261961,110,550,103,45,28,1,True,,3.037001600008807,223.2101217142857,619e95fe4cb1979d722082bea439f149db05516fdcaa36c9ac30e19638a023e5,3db2eaac6967ffd89f2bdb786217557dc23bdf14571343e44cb055808748156f
optical80,12003,uniform,mixed,fixed_hash,20260912T085506789208Z-s12003-G-81f15a9a,4ae85ce7bdd7f49d8087a86a419350401a27de7971a5cc4ad0255d4750ca208e,46f860bff62566d2434e4546ac541f421ef4e86e3418fcd986db2b131f47c59c,14,14,1.0,3097.534747,2303.534747078925,11517.673735394626,121,605,116,45,28,1,True,,4.456535499994061,221.25248192857143,65e0355b4ecb6da1ba7de312dbf552f68625f82613dd8464d7d4bd370fee7158,3db2eaac6967ffd89f2bdb786217557dc23bdf14571343e44cb055808748156f
G,12003,uniform,mixed,fixed_hash,20260912T085506727731Z-s12003-G-a3e2e4ae,4ae85ce7bdd7f49d8087a86a419350401a27de7971a5cc4ad0255d4750ca208e,66b91d427f3d3cf867c3c0655a9c6a665d491b885a854ee10cfda26d72a0095b,14,14,1.0,3102.464888,2305.4648877467926,11527.324438733962,122,610,117,42,28,0,True,,4.603917699991143,221.60463485714286,b86e372656266059655318a0d78412a33495e50853782e3e3176ca6f4fc14972,3db2eaac6967ffd89f2bdb786217557dc23bdf14571343e44cb055808748156f
optical120,12003,uniform,mixed,fixed_hash,20260912T085507146204Z-s12003-G-cc79811c,4ae85ce7bdd7f49d8087a86a419350401a27de7971a5cc4ad0255d4750ca208e,b00cde01e57a36bd297e2fa45e4e98cac574293751b4dd66538f32c6dc4f9b41,14,14,1.0,3089.955466,2300.955466139849,11504.777330699244,120,600,116,45,28,1,True,,4.2838966000126675,220.7111047142857,f2f2382ca67aadbbc2fee50ced23074313f549a0e318fb8cab221fecfe408de2,3db2eaac6967ffd89f2bdb786217557dc23bdf14571343e44cb055808748156f
commit400,12003,uniform,mixed,fixed_hash,20260912T085507437465Z-s12003-G-b83373a8,4ae85ce7bdd7f49d8087a86a419350401a27de7971a5cc4ad0255d4750ca208e,e4f0b01669f509f4dd0f5d3941b450f90e3689dca809a6d3d8c57266da95442f,14,14,1.0,3078.787884,2308.7878837436015,11543.939418718008,118,590,110,42,28,0,True,,4.4816773000056855,219.91342028571427,0204f5b869759bb0eccf1e3da3408646b9bcfcdaadae8c8da9faa2838d16a58c,3db2eaac6967ffd89f2bdb786217557dc23bdf14571343e44cb055808748156f
share_loose,12003,uniform,mixed,fixed_hash,20260912T085507247648Z-s12003-G-7e1d06c0,4ae85ce7bdd7f49d8087a86a419350401a27de7971a5cc4ad0255d4750ca208e,666470bd322b3828274c261ba31ee03a054a12e2443788ba31d2f221ba8cd918,14,14,1.0,3134.721098,2296.721099209338,11483.60549604669,129,645,120,45,28,1,True,,4.903780100008589,223.90864985714285,ce3f502b1d3611333dbda3b5496cdf59c1098043e4dcc9db5cbe45b974657491,3db2eaac6967ffd89f2bdb786217557dc23bdf14571343e44cb055808748156f
early_clear,12003,uniform,mixed,fixed_hash,20260912T085507710683Z-s12003-G-69bc9182,4ae85ce7bdd7f49d8087a86a419350401a27de7971a5cc4ad0255d4750ca208e,500ba23ecc21810d3ac5f773055242d64c32f5f7a4a0b68a82d17484a530b795,14,14,1.0,3102.464888,2305.4648877467926,11527.324438733962,122,610,117,42,28,0,True,,4.6541084999917075,221.60463485714286,2e3e1472e3a016bf1eff67b39b9d456e5c26321ec27bae159b9e9994e927ba7a,3db2eaac6967ffd89f2bdb786217557dc23bdf14571343e44cb055808748156f
commit0,12003,uniform,mixed,fixed_hash,20260912T085507666084Z-s12003-G-bf72f386,4ae85ce7bdd7f49d8087a86a419350401a27de7971a5cc4ad0255d4750ca208e,406d2c64289051b3c073155c29c269de2b145c4eba8d1b8206e6fc64617b0fe6,14,14,1.0,3096.105052,2294.105052168174,11470.52526084087,123,615,117,42,28,0,True,,4.779035100000328,221.15036085714286,90ba3e687458c75621d5338ed7ea2f176f792745b98453b1e31eb7e0d05a4092,3db2eaac6967ffd89f2bdb786217557dc23bdf14571343e44cb055808748156f
G,12004,uniform,mixed,fixed_hash,20260912T085511008421Z-s12004-G-88f055d9,4ae85ce7bdd7f49d8087a86a419350401a27de7971a5cc4ad0255d4750ca208e,66b91d427f3d3cf867c3c0655a9c6a665d491b885a854ee10cfda26d72a0095b,12,12,1.0,3402.861398,2656.861397982256,13284.306989911282,115,575,108,39,24,1,True,,4.386427999997977,283.57178316666665,b86e372656266059655318a0d78412a33495e50853782e3e3176ca6f4fc14972,efa941600fee658a785a8ea94c6556aaef62c87a9f7a5c21493e5cc77f6b5078
optical120,12004,uniform,mixed,fixed_hash,20260912T085511444690Z-s12004-G-d8c37f37,4ae85ce7bdd7f49d8087a86a419350401a27de7971a5cc4ad0255d4750ca208e,b00cde01e57a36bd297e2fa45e4e98cac574293751b4dd66538f32c6dc4f9b41,12,12,1.0,3388.151398,2653.151398734426,13265.75699367213,113,565,107,39,24,1,True,,4.085463299998082,282.34594983333335,f2f2382ca67aadbbc2fee50ced23074313f549a0e318fb8cab221fecfe408de2,efa941600fee658a785a8ea94c6556aaef62c87a9f7a5c21493e5cc77f6b5078
optical80,12004,uniform,mixed,fixed_hash,20260912T085511359954Z-s12004-G-fdcf610f,4ae85ce7bdd7f49d8087a86a419350401a27de7971a5cc4ad0255d4750ca208e,46f860bff62566d2434e4546ac541f421ef4e86e3418fcd986db2b131f47c59c,12,12,1.0,3400.402291,2656.4022902682314,13282.011451341157,114,570,108,42,24,2,True,,4.245198999997228,283.36685758333334,65e0355b4ecb6da1ba7de312dbf552f68625f82613dd8464d7d4bd370fee7158,efa941600fee658a785a8ea94c6556aaef62c87a9f7a5c21493e5cc77f6b5078
defer_clear,12004,uniform,mixed,fixed_hash,20260912T085512556268Z-s12004-G-a3fc68e7,4ae85ce7bdd7f49d8087a86a419350401a27de7971a5cc4ad0255d4750ca208e,386b04b1298ce930382bcba119518020ef12a25d97d9c834c2aaf23e8bc632bc,12,12,1.0,4163.223391,3465.223392887185,17326.116964435925,107,535,100,39,24,1,True,,3.329299400007585,346.9352825833334,619e95fe4cb1979d722082bea439f149db05516fdcaa36c9ac30e19638a023e5,efa941600fee658a785a8ea94c6556aaef62c87a9f7a5c21493e5cc77f6b5078
share_loose,12004,uniform,mixed,fixed_hash,20260912T085511548210Z-s12004-G-56cbebb3,4ae85ce7bdd7f49d8087a86a419350401a27de7971a5cc4ad0255d4750ca208e,666470bd322b3828274c261ba31ee03a054a12e2443788ba31d2f221ba8cd918,12,12,1.0,3420.577144,2650.5771433018317,13252.885716509158,119,595,112,39,24,1,True,,4.5038647999899695,285.0480953333333,ce3f502b1d3611333dbda3b5496cdf59c1098043e4dcc9db5cbe45b974657491,efa941600fee658a785a8ea94c6556aaef62c87a9f7a5c21493e5cc77f6b5078
commit400,12004,uniform,mixed,fixed_hash,20260912T085512029322Z-s12004-G-795ace0d,4ae85ce7bdd7f49d8087a86a419350401a27de7971a5cc4ad0255d4750ca208e,e4f0b01669f509f4dd0f5d3941b450f90e3689dca809a6d3d8c57266da95442f,12,12,1.0,3368.721295,2621.721294838132,13108.606474190661,116,580,104,39,24,1,True,,4.439536300007603,280.72677458333334,0204f5b869759bb0eccf1e3da3408646b9bcfcdaadae8c8da9faa2838d16a58c,efa941600fee658a785a8ea94c6556aaef62c87a9f7a5c21493e5cc77f6b5078
early_clear,12004,uniform,mixed,fixed_hash,20260912T085512482133Z-s12004-G-9a2bc82f,4ae85ce7bdd7f49d8087a86a419350401a27de7971a5cc4ad0255d4750ca208e,500ba23ecc21810d3ac5f773055242d64c32f5f7a4a0b68a82d17484a530b795,12,12,1.0,3402.861398,2656.861397982256,13284.306989911282,115,575,108,39,24,1,True,,4.415317100007087,283.57178316666665,2e3e1472e3a016bf1eff67b39b9d456e5c26321ec27bae159b9e9994e927ba7a,efa941600fee658a785a8ea94c6556aaef62c87a9f7a5c21493e5cc77f6b5078
commit0,12004,uniform,mixed,fixed_hash,20260912T085512263341Z-s12004-G-67c2c718,4ae85ce7bdd7f49d8087a86a419350401a27de7971a5cc4ad0255d4750ca208e,406d2c64289051b3c073155c29c269de2b145c4eba8d1b8206e6fc64617b0fe6,12,12,1.0,3401.357899,2650.3578991178374,13251.789495589186,116,580,108,39,24,1,True,,4.659914999996545,283.44649158333334,90ba3e687458c75621d5338ed7ea2f176f792745b98453b1e31eb7e0d05a4092,efa941600fee658a785a8ea94c6556aaef62c87a9f7a5c21493e5cc77f6b5078
optical80,12005,uniform,mixed,fixed_hash,20260912T085515649233Z-s12005-G-bb26b985,4ae85ce7bdd7f49d8087a86a419350401a27de7971a5cc4ad0255d4750ca208e,46f860bff62566d2434e4546ac541f421ef4e86e3418fcd986db2b131f47c59c,15,15,1.0,3447.648774,2714.648773974365,13573.243869871827,111,555,103,45,30,0,True,,4.0800167999987025,229.84325159999997,65e0355b4ecb6da1ba7de312dbf552f68625f82613dd8464d7d4bd370fee7158,018109ff32eb430f84bd846b2c894d17ed5c63fa0aca3a38719bf8f9ad296955
optical120,12005,uniform,mixed,fixed_hash,20260912T085515711889Z-s12005-G-93654a3a,4ae85ce7bdd7f49d8087a86a419350401a27de7971a5cc4ad0255d4750ca208e,b00cde01e57a36bd297e2fa45e4e98cac574293751b4dd66538f32c6dc4f9b41,15,15,1.0,3447.648774,2714.648773974365,13573.243869871827,111,555,103,45,30,0,True,,4.069076500003575,229.84325159999997,f2f2382ca67aadbbc2fee50ced23074313f549a0e318fb8cab221fecfe408de2,018109ff32eb430f84bd846b2c894d17ed5c63fa0aca3a38719bf8f9ad296955
defer_clear,12005,uniform,mixed,fixed_hash,20260912T085517036444Z-s12005-G-2cbf35f0,4ae85ce7bdd7f49d8087a86a419350401a27de7971a5cc4ad0255d4750ca208e,386b04b1298ce930382bcba119518020ef12a25d97d9c834c2aaf23e8bc632bc,15,15,1.0,4175.51906,3466.519061739245,17332.595308696225,106,530,101,48,30,1,True,,2.8558266000036383,278.3679373333333,619e95fe4cb1979d722082bea439f149db05516fdcaa36c9ac30e19638a023e5,018109ff32eb430f84bd846b2c894d17ed5c63fa0aca3a38719bf8f9ad296955
G,12005,uniform,mixed,fixed_hash,20260912T085515510866Z-s12005-G-b9bc4cd9,4ae85ce7bdd7f49d8087a86a419350401a27de7971a5cc4ad0255d4750ca208e,66b91d427f3d3cf867c3c0655a9c6a665d491b885a854ee10cfda26d72a0095b,15,15,1.0,3469.343067,2718.343065943812,13591.715329719058,114,570,106,45,30,0,True,,4.554658099994413,231.28953779999998,b86e372656266059655318a0d78412a33495e50853782e3e3176ca6f4fc14972,018109ff32eb430f84bd846b2c894d17ed5c63fa0aca3a38719bf8f9ad296955
share_loose,12005,uniform,mixed,fixed_hash,20260912T085515990925Z-s12005-G-808d567d,4ae85ce7bdd7f49d8087a86a419350401a27de7971a5cc4ad0255d4750ca208e,666470bd322b3828274c261ba31ee03a054a12e2443788ba31d2f221ba8cd918,15,15,1.0,3476.669413,2718.6694131055324,13593.347065527661,115,575,108,45,30,0,True,,4.523800199996913,231.77796086666666,ce3f502b1d3611333dbda3b5496cdf59c1098043e4dcc9db5cbe45b974657491,018109ff32eb430f84bd846b2c894d17ed5c63fa0aca3a38719bf8f9ad296955
commit400,12005,uniform,mixed,fixed_hash,20260912T085516163060Z-s12005-G-e9ac90ea,4ae85ce7bdd7f49d8087a86a419350401a27de7971a5cc4ad0255d4750ca208e,e4f0b01669f509f4dd0f5d3941b450f90e3689dca809a6d3d8c57266da95442f,15,15,1.0,3469.343067,2718.343065943812,13591.715329719058,114,570,106,45,30,0,True,,4.607980500004487,231.28953779999998,0204f5b869759bb0eccf1e3da3408646b9bcfcdaadae8c8da9faa2838d16a58c,018109ff32eb430f84bd846b2c894d17ed5c63fa0aca3a38719bf8f9ad296955
commit0,12005,uniform,mixed,fixed_hash,20260912T085516584445Z-s12005-G-b3b31a9a,4ae85ce7bdd7f49d8087a86a419350401a27de7971a5cc4ad0255d4750ca208e,406d2c64289051b3c073155c29c269de2b145c4eba8d1b8206e6fc64617b0fe6,15,15,1.0,3480.490311,2719.4903100753195,13597.451550376598,116,580,106,45,30,0,True,,4.883342600005562,232.03268740000001,90ba3e687458c75621d5338ed7ea2f176f792745b98453b1e31eb7e0d05a4092,018109ff32eb430f84bd846b2c894d17ed5c63fa0aca3a38719bf8f9ad296955
early_clear,12005,uniform,mixed,fixed_hash,20260912T085517014559Z-s12005-G-14741e24,4ae85ce7bdd7f49d8087a86a419350401a27de7971a5cc4ad0255d4750ca208e,500ba23ecc21810d3ac5f773055242d64c32f5f7a4a0b68a82d17484a530b795,15,15,1.0,3469.343067,2718.343065943812,13591.715329719058,114,570,106,45,30,0,True,,4.622577500005718,231.28953779999998,2e3e1472e3a016bf1eff67b39b9d456e5c26321ec27bae159b9e9994e927ba7a,018109ff32eb430f84bd846b2c894d17ed5c63fa0aca3a38719bf8f9ad296955
optical80,12006,uniform,mixed,fixed_hash,20260912T085519895833Z-s12006-G-115036dd,4ae85ce7bdd7f49d8087a86a419350401a27de7971a5cc4ad0255d4750ca208e,46f860bff62566d2434e4546ac541f421ef4e86e3418fcd986db2b131f47c59c,16,16,1.0,3190.163344,2480.163340036852,12400.81670018426,105,525,99,54,32,2,True,,4.446258099997067,199.385209,65e0355b4ecb6da1ba7de312dbf552f68625f82613dd8464d7d4bd370fee7158,7e161111f29d5785f32990ad5f9bda9d2be301525d18d6d9db875d97f8c90b2b
optical120,12006,uniform,mixed,fixed_hash,20260912T085520022863Z-s12006-G-1f50f44e,4ae85ce7bdd7f49d8087a86a419350401a27de7971a5cc4ad0255d4750ca208e,b00cde01e57a36bd297e2fa45e4e98cac574293751b4dd66538f32c6dc4f9b41,16,16,1.0,3190.163344,2480.163340036852,12400.81670018426,105,525,99,54,32,2,True,,4.467313200002536,199.385209,f2f2382ca67aadbbc2fee50ced23074313f549a0e318fb8cab221fecfe408de2,7e161111f29d5785f32990ad5f9bda9d2be301525d18d6d9db875d97f8c90b2b
G,12006,uniform,mixed,fixed_hash,20260912T085519834139Z-s12006-G-b5bc79a9,4ae85ce7bdd7f49d8087a86a419350401a27de7971a5cc4ad0255d4750ca208e,66b91d427f3d3cf867c3c0655a9c6a665d491b885a854ee10cfda26d72a0095b,16,16,1.0,3223.331179,2499.3311766168563,12496.65588308428,108,540,101,51,32,1,True,,4.918784500012407,201.4581986875,b86e372656266059655318a0d78412a33495e50853782e3e3176ca6f4fc14972,7e161111f29d5785f32990ad5f9bda9d2be301525d18d6d9db875d97f8c90b2b
defer_clear,12006,uniform,mixed,fixed_hash,20260912T085521751604Z-s12006-G-7e32e9b1,4ae85ce7bdd7f49d8087a86a419350401a27de7971a5cc4ad0255d4750ca208e,386b04b1298ce930382bcba119518020ef12a25d97d9c834c2aaf23e8bc632bc,16,16,1.0,3640.867796,2959.867795446996,14799.338977234978,101,505,96,48,32,0,True,,3.0342649999947753,227.55423725,619e95fe4cb1979d722082bea439f149db05516fdcaa36c9ac30e19638a023e5,7e161111f29d5785f32990ad5f9bda9d2be301525d18d6d9db875d97f8c90b2b
share_loose,12006,uniform,mixed,fixed_hash,20260912T085520176723Z-s12006-G-c56251bd,4ae85ce7bdd7f49d8087a86a419350401a27de7971a5cc4ad0255d4750ca208e,666470bd322b3828274c261ba31ee03a054a12e2443788ba31d2f221ba8cd918,16,16,1.0,3247.496023,2494.49601897137,12472.48009485685,113,565,105,51,32,1,True,,5.050231599991093,202.9685014375,ce3f502b1d3611333dbda3b5496cdf59c1098043e4dcc9db5cbe45b974657491,7e161111f29d5785f32990ad5f9bda9d2be301525d18d6d9db875d97f8c90b2b
commit400,12006,uniform,mixed,fixed_hash,20260912T085520624755Z-s12006-G-1a85b1f3,4ae85ce7bdd7f49d8087a86a419350401a27de7971a5cc4ad0255d4750ca208e,e4f0b01669f509f4dd0f5d3941b450f90e3689dca809a6d3d8c57266da95442f,16,16,1.0,3319.934584,2597.9345852861225,12989.672926430612,108,540,99,51,32,1,True,,4.908393000005162,207.4959115,0204f5b869759bb0eccf1e3da3408646b9bcfcdaadae8c8da9faa2838d16a58c,7e161111f29d5785f32990ad5f9bda9d2be301525d18d6d9db875d97f8c90b2b
commit0,12006,uniform,mixed,fixed_hash,20260912T085520892225Z-s12006-G-5364d4d8,4ae85ce7bdd7f49d8087a86a419350401a27de7971a5cc4ad0255d4750ca208e,406d2c64289051b3c073155c29c269de2b145c4eba8d1b8206e6fc64617b0fe6,16,16,1.0,3235.079221,2497.079216924095,12485.396084620474,111,555,103,48,32,0,True,,5.037337599991588,202.1924513125,90ba3e687458c75621d5338ed7ea2f176f792745b98453b1e31eb7e0d05a4092,7e161111f29d5785f32990ad5f9bda9d2be301525d18d6d9db875d97f8c90b2b
early_clear,12006,uniform,mixed,fixed_hash,20260912T085521581648Z-s12006-G-850f7edc,4ae85ce7bdd7f49d8087a86a419350401a27de7971a5cc4ad0255d4750ca208e,500ba23ecc21810d3ac5f773055242d64c32f5f7a4a0b68a82d17484a530b795,16,16,1.0,3223.331179,2499.3311766168563,12496.65588308428,108,540,101,51,32,1,True,,4.911192699990352,201.4581986875,2e3e1472e3a016bf1eff67b39b9d456e5c26321ec27bae159b9e9994e927ba7a,7e161111f29d5785f32990ad5f9bda9d2be301525d18d6d9db875d97f8c90b2b
G,12007,uniform,mixed,fixed_hash,20260912T085524452448Z-s12007-G-878dd6a8,4ae85ce7bdd7f49d8087a86a419350401a27de7971a5cc4ad0255d4750ca208e,66b91d427f3d3cf867c3c0655a9c6a665d491b885a854ee10cfda26d72a0095b,12,12,1.0,3046.343499,2316.343496699294,11581.71748349647,112,560,107,39,24,1,True,,4.0586829999956535,253.86195825000001,b86e372656266059655318a0d78412a33495e50853782e3e3176ca6f4fc14972,20ae145805c2c0d2c5bb741813fe470bf8ecdc3b449c27302c00d01c9f88c418
optical80,12007,uniform,mixed,fixed_hash,20260912T085524609340Z-s12007-G-5d9c3b2b,4ae85ce7bdd7f49d8087a86a419350401a27de7971a5cc4ad0255d4750ca208e,46f860bff62566d2434e4546ac541f421ef4e86e3418fcd986db2b131f47c59c,12,12,1.0,3038.939692,2311.9396883359286,11559.698441679644,111,555,106,42,24,2,True,,3.938324599992484,253.24497433333332,65e0355b4ecb6da1ba7de312dbf552f68625f82613dd8464d7d4bd370fee7158,20ae145805c2c0d2c5bb741813fe470bf8ecdc3b449c27302c00d01c9f88c418
optical120,12007,uniform,mixed,fixed_hash,20260912T085524864256Z-s12007-G-30eae0cd,4ae85ce7bdd7f49d8087a86a419350401a27de7971a5cc4ad0255d4750ca208e,b00cde01e57a36bd297e2fa45e4e98cac574293751b4dd66538f32c6dc4f9b41,12,12,1.0,3027.505372,2306.5053673074044,11532.526836537021,110,550,105,42,24,2,True,,3.878322999997181,252.29211433333333,f2f2382ca67aadbbc2fee50ced23074313f549a0e318fb8cab221fecfe408de2,20ae145805c2c0d2c5bb741813fe470bf8ecdc3b449c27302c00d01c9f88c418
share_loose,12007,uniform,mixed,fixed_hash,20260912T085524890992Z-s12007-G-fda7e6ca,4ae85ce7bdd7f49d8087a86a419350401a27de7971a5cc4ad0255d4750ca208e,666470bd322b3828274c261ba31ee03a054a12e2443788ba31d2f221ba8cd918,12,12,1.0,3066.145276,2327.145273377084,11635.72636688542,114,570,106,39,24,1,True,,4.1980175000062445,255.51210633333335,ce3f502b1d3611333dbda3b5496cdf59c1098043e4dcc9db5cbe45b974657491,20ae145805c2c0d2c5bb741813fe470bf8ecdc3b449c27302c00d01c9f88c418
commit400,12007,uniform,mixed,fixed_hash,20260912T085525341155Z-s12007-G-3214fe26,4ae85ce7bdd7f49d8087a86a419350401a27de7971a5cc4ad0255d4750ca208e,e4f0b01669f509f4dd0f5d3941b450f90e3689dca809a6d3d8c57266da95442f,12,12,1.0,3045.305075,2323.3050735070988,11616.525367535494,111,555,104,39,24,1,True,,4.058683199997176,253.77542291666668,0204f5b869759bb0eccf1e3da3408646b9bcfcdaadae8c8da9faa2838d16a58c,20ae145805c2c0d2c5bb741813fe470bf8ecdc3b449c27302c00d01c9f88c418
defer_clear,12007,uniform,mixed,fixed_hash,20260912T085526637495Z-s12007-G-ed6923b2,4ae85ce7bdd7f49d8087a86a419350401a27de7971a5cc4ad0255d4750ca208e,386b04b1298ce930382bcba119518020ef12a25d97d9c834c2aaf23e8bc632bc,12,12,1.0,3535.368771,2788.368772832807,13941.843864164035,115,575,109,39,24,1,True,,2.875335200005793,294.61406425,619e95fe4cb1979d722082bea439f149db05516fdcaa36c9ac30e19638a023e5,20ae145805c2c0d2c5bb741813fe470bf8ecdc3b449c27302c00d01c9f88c418
commit0,12007,uniform,mixed,fixed_hash,20260912T085525639913Z-s12007-G-dfadd629,4ae85ce7bdd7f49d8087a86a419350401a27de7971a5cc4ad0255d4750ca208e,406d2c64289051b3c073155c29c269de2b145c4eba8d1b8206e6fc64617b0fe6,12,12,1.0,3052.858719,2309.858717864731,11549.293589323654,114,570,110,39,24,1,True,,4.143874300003517,254.40489325,90ba3e687458c75621d5338ed7ea2f176f792745b98453b1e31eb7e0d05a4092,20ae145805c2c0d2c5bb741813fe470bf8ecdc3b449c27302c00d01c9f88c418
early_clear,12007,uniform,mixed,fixed_hash,20260912T085526039116Z-s12007-G-e697c743,4ae85ce7bdd7f49d8087a86a419350401a27de7971a5cc4ad0255d4750ca208e,500ba23ecc21810d3ac5f773055242d64c32f5f7a4a0b68a82d17484a530b795,12,12,1.0,3046.343499,2316.343496699294,11581.71748349647,112,560,107,39,24,1,True,,4.028902500009281,253.86195825000001,2e3e1472e3a016bf1eff67b39b9d456e5c26321ec27bae159b9e9994e927ba7a,20ae145805c2c0d2c5bb741813fe470bf8ecdc3b449c27302c00d01c9f88c418
G,12008,uniform,mixed,fixed_hash,20260912T085528623302Z-s12008-G-7f7b6a10,4ae85ce7bdd7f49d8087a86a419350401a27de7971a5cc4ad0255d4750ca208e,66b91d427f3d3cf867c3c0655a9c6a665d491b885a854ee10cfda26d72a0095b,11,11,1.0,2905.373776,2132.3737780191627,10661.868890095813,121,605,113,33,22,0,True,,4.104510199991637,264.1248887272727,b86e372656266059655318a0d78412a33495e50853782e3e3176ca6f4fc14972,4926f9364c39c2ec4a39426bfc369ff9e213ac8b451d7aada54e34cae95251b2
optical80,12008,uniform,mixed,fixed_hash,20260912T085528664237Z-s12008-G-65fac5d5,4ae85ce7bdd7f49d8087a86a419350401a27de7971a5cc4ad0255d4750ca208e,46f860bff62566d2434e4546ac541f421ef4e86e3418fcd986db2b131f47c59c,11,11,1.0,2912.087708,2133.0877071578057,10665.438535789028,121,605,113,39,22,2,True,,4.085590500006219,264.7352461818182,65e0355b4ecb6da1ba7de312dbf552f68625f82613dd8464d7d4bd370fee7158,4926f9364c39c2ec4a39426bfc369ff9e213ac8b451d7aada54e34cae95251b2
optical120,12008,uniform,mixed,fixed_hash,20260912T085528869180Z-s12008-G-db5b2aa4,4ae85ce7bdd7f49d8087a86a419350401a27de7971a5cc4ad0255d4750ca208e,b00cde01e57a36bd297e2fa45e4e98cac574293751b4dd66538f32c6dc4f9b41,11,11,1.0,2912.087708,2133.0877071578057,10665.438535789028,121,605,113,39,22,2,True,,4.059548299992457,264.7352461818182,f2f2382ca67aadbbc2fee50ced23074313f549a0e318fb8cab221fecfe408de2,4926f9364c39c2ec4a39426bfc369ff9e213ac8b451d7aada54e34cae95251b2
defer_clear,12008,uniform,mixed,fixed_hash,20260912T085530190270Z-s12008-G-4f02b215,4ae85ce7bdd7f49d8087a86a419350401a27de7971a5cc4ad0255d4750ca208e,386b04b1298ce930382bcba119518020ef12a25d97d9c834c2aaf23e8bc632bc,11,11,1.0,2969.076181,2216.0761811838865,11080.380905919434,117,585,110,36,22,1,True,,3.123448300000746,269.91601645454546,619e95fe4cb1979d722082bea439f149db05516fdcaa36c9ac30e19638a023e5,4926f9364c39c2ec4a39426bfc369ff9e213ac8b451d7aada54e34cae95251b2
share_loose,12008,uniform,mixed,fixed_hash,20260912T085529211036Z-s12008-G-24bbf34b,4ae85ce7bdd7f49d8087a86a419350401a27de7971a5cc4ad0255d4750ca208e,666470bd322b3828274c261ba31ee03a054a12e2443788ba31d2f221ba8cd918,11,11,1.0,2905.373776,2132.3737780191627,10661.868890095813,121,605,113,33,22,0,True,,4.105972599994857,264.1248887272727,ce3f502b1d3611333dbda3b5496cdf59c1098043e4dcc9db5cbe45b974657491,4926f9364c39c2ec4a39426bfc369ff9e213ac8b451d7aada54e34cae95251b2
commit400,12008,uniform,mixed,fixed_hash,20260912T085529510578Z-s12008-G-02acf473,4ae85ce7bdd7f49d8087a86a419350401a27de7971a5cc4ad0255d4750ca208e,e4f0b01669f509f4dd0f5d3941b450f90e3689dca809a6d3d8c57266da95442f,11,11,1.0,2800.63705,2028.6370515371077,10143.185257685538,121,605,112,33,22,0,True,,4.047363200006657,254.60336818181815,0204f5b869759bb0eccf1e3da3408646b9bcfcdaadae8c8da9faa2838d16a58c,4926f9364c39c2ec4a39426bfc369ff9e213ac8b451d7aada54e34cae95251b2
commit0,12008,uniform,mixed,fixed_hash,20260912T085529677139Z-s12008-G-836ec769,4ae85ce7bdd7f49d8087a86a419350401a27de7971a5cc4ad0255d4750ca208e,406d2c64289051b3c073155c29c269de2b145c4eba8d1b8206e6fc64617b0fe6,11,11,1.0,2905.273999,2125.2739999762102,10626.369999881052,122,610,115,33,22,0,True,,4.158848699997179,264.1158180909091,90ba3e687458c75621d5338ed7ea2f176f792745b98453b1e31eb7e0d05a4092,4926f9364c39c2ec4a39426bfc369ff9e213ac8b451d7aada54e34cae95251b2
early_clear,12008,uniform,mixed,fixed_hash,20260912T085529907096Z-s12008-G-afa8fced,4ae85ce7bdd7f49d8087a86a419350401a27de7971a5cc4ad0255d4750ca208e,500ba23ecc21810d3ac5f773055242d64c32f5f7a4a0b68a82d17484a530b795,11,11,1.0,2905.373776,2132.3737780191627,10661.868890095813,121,605,113,33,22,0,True,,4.094696200001636,264.1248887272727,2e3e1472e3a016bf1eff67b39b9d456e5c26321ec27bae159b9e9994e927ba7a,4926f9364c39c2ec4a39426bfc369ff9e213ac8b451d7aada54e34cae95251b2
optical80,12009,uniform,mixed,fixed_hash,20260912T085532877836Z-s12009-G-778c7a33,4ae85ce7bdd7f49d8087a86a419350401a27de7971a5cc4ad0255d4750ca208e,46f860bff62566d2434e4546ac541f421ef4e86e3418fcd986db2b131f47c59c,13,13,1.0,3035.798944,2299.7989463456897,11498.994731728448,111,555,107,48,26,3,True,,3.630389900004957,233.5229956923077,65e0355b4ecb6da1ba7de312dbf552f68625f82613dd8464d7d4bd370fee7158,98cf6f4204439a54628353d211d44ffee766408f15a2a2c4fce389744ac9dd49
optical120,12009,uniform,mixed,fixed_hash,20260912T085533045471Z-s12009-G-cdafecbe,4ae85ce7bdd7f49d8087a86a419350401a27de7971a5cc4ad0255d4750ca208e,b00cde01e57a36bd297e2fa45e4e98cac574293751b4dd66538f32c6dc4f9b41,13,13,1.0,3040.843993,2301.843994466704,11509.21997233352,111,555,107,51,26,4,True,,3.5600626999948872,233.91107638461537,f2f2382ca67aadbbc2fee50ced23074313f549a0e318fb8cab221fecfe408de2,98cf6f4204439a54628353d211d44ffee766408f15a2a2c4fce389744ac9dd49
G,12009,uniform,mixed,fixed_hash,20260912T085532847773Z-s12009-G-6c40cecd,4ae85ce7bdd7f49d8087a86a419350401a27de7971a5cc4ad0255d4750ca208e,66b91d427f3d3cf867c3c0655a9c6a665d491b885a854ee10cfda26d72a0095b,13,13,1.0,3025.893651,2290.89365320891,11454.46826604455,112,560,107,42,26,1,True,,3.8538994999980787,232.76105007692306,b86e372656266059655318a0d78412a33495e50853782e3e3176ca6f4fc14972,98cf6f4204439a54628353d211d44ffee766408f15a2a2c4fce389744ac9dd49
share_loose,12009,uniform,mixed,fixed_hash,20260912T085533428014Z-s12009-G-21d9f904,4ae85ce7bdd7f49d8087a86a419350401a27de7971a5cc4ad0255d4750ca208e,666470bd322b3828274c261ba31ee03a054a12e2443788ba31d2f221ba8cd918,13,13,1.0,3041.346955,2284.346955960714,11421.734779803568,116,580,109,42,26,1,True,,3.934255200001644,233.94976576923077,ce3f502b1d3611333dbda3b5496cdf59c1098043e4dcc9db5cbe45b974657491,98cf6f4204439a54628353d211d44ffee766408f15a2a2c4fce389744ac9dd49
defer_clear,12009,uniform,mixed,fixed_hash,20260912T085534122457Z-s12009-G-ddb1db6b,4ae85ce7bdd7f49d8087a86a419350401a27de7971a5cc4ad0255d4750ca208e,386b04b1298ce930382bcba119518020ef12a25d97d9c834c2aaf23e8bc632bc,13,13,1.0,3896.479913,3159.479911614023,15797.399558070114,112,560,109,42,26,1,True,,3.317874100001063,299.72922407692306,619e95fe4cb1979d722082bea439f149db05516fdcaa36c9ac30e19638a023e5,98cf6f4204439a54628353d211d44ffee766408f15a2a2c4fce389744ac9dd49
commit400,12009,uniform,mixed,fixed_hash,20260912T085533439305Z-s12009-G-8cacf35c,4ae85ce7bdd7f49d8087a86a419350401a27de7971a5cc4ad0255d4750ca208e,e4f0b01669f509f4dd0f5d3941b450f90e3689dca809a6d3d8c57266da95442f,13,13,1.0,3115.565308,2387.56530983601,11937.82654918005,111,555,105,42,26,1,True,,4.021690599998692,239.65886984615386,0204f5b869759bb0eccf1e3da3408646b9bcfcdaadae8c8da9faa2838d16a58c,98cf6f4204439a54628353d211d44ffee766408f15a2a2c4fce389744ac9dd49
commit0,12009,uniform,mixed,fixed_hash,20260912T085533675479Z-s12009-G-3ee140b3,4ae85ce7bdd7f49d8087a86a419350401a27de7971a5cc4ad0255d4750ca208e,406d2c64289051b3c073155c29c269de2b145c4eba8d1b8206e6fc64617b0fe6,13,13,1.0,3044.708356,2292.708356316984,11463.54178158492,115,575,109,42,26,1,True,,3.9504993000009563,234.20833507692308,90ba3e687458c75621d5338ed7ea2f176f792745b98453b1e31eb7e0d05a4092,98cf6f4204439a54628353d211d44ffee766408f15a2a2c4fce389744ac9dd49
early_clear,12009,uniform,mixed,fixed_hash,20260912T085533965467Z-s12009-G-b4ac37d1,4ae85ce7bdd7f49d8087a86a419350401a27de7971a5cc4ad0255d4750ca208e,500ba23ecc21810d3ac5f773055242d64c32f5f7a4a0b68a82d17484a530b795,13,13,1.0,3025.893651,2290.89365320891,11454.46826604455,112,560,107,42,26,1,True,,3.746927100000903,232.76105007692306,2e3e1472e3a016bf1eff67b39b9d456e5c26321ec27bae159b9e9994e927ba7a,98cf6f4204439a54628353d211d44ffee766408f15a2a2c4fce389744ac9dd49
G,12010,uniform,mixed,fixed_hash,20260912T085536631225Z-s12010-G-43914170,4ae85ce7bdd7f49d8087a86a419350401a27de7971a5cc4ad0255d4750ca208e,66b91d427f3d3cf867c3c0655a9c6a665d491b885a854ee10cfda26d72a0095b,14,14,1.0,2697.183283,2041.1832841498642,10205.916420749321,98,490,93,45,28,1,True,,3.7367739000037545,192.6559487857143,b86e372656266059655318a0d78412a33495e50853782e3e3176ca6f4fc14972,44fdcc6fc50b5f41fddfa5128933eaa99aafe84e61df3864b72ec9b558ea51fb
optical80,12010,uniform,mixed,fixed_hash,20260912T085536719266Z-s12010-G-78e372a3,4ae85ce7bdd7f49d8087a86a419350401a27de7971a5cc4ad0255d4750ca208e,46f860bff62566d2434e4546ac541f421ef4e86e3418fcd986db2b131f47c59c,14,14,1.0,2711.225837,2049.2258393077022,10246.129196538512,98,490,93,51,28,3,True,,3.746553600009065,193.65898835714285,65e0355b4ecb6da1ba7de312dbf552f68625f82613dd8464d7d4bd370fee7158,44fdcc6fc50b5f41fddfa5128933eaa99aafe84e61df3864b72ec9b558ea51fb
optical120,12010,uniform,mixed,fixed_hash,20260912T085536830370Z-s12010-G-c9209b79,4ae85ce7bdd7f49d8087a86a419350401a27de7971a5cc4ad0255d4750ca208e,b00cde01e57a36bd297e2fa45e4e98cac574293751b4dd66538f32c6dc4f9b41,14,14,1.0,2715.329425,2050.3294266948787,10251.647133474395,98,490,93,54,28,4,True,,3.7550215999945067,193.9521017857143,f2f2382ca67aadbbc2fee50ced23074313f549a0e318fb8cab221fecfe408de2,44fdcc6fc50b5f41fddfa5128933eaa99aafe84e61df3864b72ec9b558ea51fb
defer_clear,12010,uniform,mixed,fixed_hash,20260912T085537825913Z-s12010-G-0832ae8d,4ae85ce7bdd7f49d8087a86a419350401a27de7971a5cc4ad0255d4750ca208e,386b04b1298ce930382bcba119518020ef12a25d97d9c834c2aaf23e8bc632bc,14,14,1.0,3116.960116,2462.960115139839,12314.800575699195,98,490,94,42,28,0,True,,3.3282027000095695,222.6400082857143,619e95fe4cb1979d722082bea439f149db05516fdcaa36c9ac30e19638a023e5,44fdcc6fc50b5f41fddfa5128933eaa99aafe84e61df3864b72ec9b558ea51fb
commit400,12010,uniform,mixed,fixed_hash,20260912T085537555792Z-s12010-G-b9d525f2,4ae85ce7bdd7f49d8087a86a419350401a27de7971a5cc4ad0255d4750ca208e,e4f0b01669f509f4dd0f5d3941b450f90e3689dca809a6d3d8c57266da95442f,14,14,1.0,2697.183283,2041.1832841498642,10205.916420749321,98,490,93,45,28,1,True,,3.6716813999955775,192.6559487857143,0204f5b869759bb0eccf1e3da3408646b9bcfcdaadae8c8da9faa2838d16a58c,44fdcc6fc50b5f41fddfa5128933eaa99aafe84e61df3864b72ec9b558ea51fb
early_clear,12010,uniform,mixed,fixed_hash,20260912T085537754722Z-s12010-G-a5e89e17,4ae85ce7bdd7f49d8087a86a419350401a27de7971a5cc4ad0255d4750ca208e,500ba23ecc21810d3ac5f773055242d64c32f5f7a4a0b68a82d17484a530b795,14,14,1.0,2697.183283,2041.1832841498642,10205.916420749321,98,490,93,45,28,1,True,,3.7691799000022,192.6559487857143,2e3e1472e3a016bf1eff67b39b9d456e5c26321ec27bae159b9e9994e927ba7a,44fdcc6fc50b5f41fddfa5128933eaa99aafe84e61df3864b72ec9b558ea51fb
share_loose,12010,uniform,mixed,fixed_hash,20260912T085537478537Z-s12010-G-77c0a22c,4ae85ce7bdd7f49d8087a86a419350401a27de7971a5cc4ad0255d4750ca208e,666470bd322b3828274c261ba31ee03a054a12e2443788ba31d2f221ba8cd918,14,14,1.0,2725.535058,2042.5350594851857,10212.675297425929,103,515,95,45,28,1,True,,4.19762730000366,194.68107557142858,ce3f502b1d3611333dbda3b5496cdf59c1098043e4dcc9db5cbe45b974657491,44fdcc6fc50b5f41fddfa5128933eaa99aafe84e61df3864b72ec9b558ea51fb
commit0,12010,uniform,mixed,fixed_hash,20260912T085537579686Z-s12010-G-0232fb7f,4ae85ce7bdd7f49d8087a86a419350401a27de7971a5cc4ad0255d4750ca208e,406d2c64289051b3c073155c29c269de2b145c4eba8d1b8206e6fc64617b0fe6,14,14,1.0,2728.182581,2056.1825789799223,10280.912894899611,100,500,96,48,28,2,True,,4.267780900001526,194.87018435714285,90ba3e687458c75621d5338ed7ea2f176f792745b98453b1e31eb7e0d05a4092,44fdcc6fc50b5f41fddfa5128933eaa99aafe84e61df3864b72ec9b558ea51fb
G,12011,uniform,mixed,fixed_hash,20260912T085540482477Z-s12011-G-eef1eba1,4ae85ce7bdd7f49d8087a86a419350401a27de7971a5cc4ad0255d4750ca208e,66b91d427f3d3cf867c3c0655a9c6a665d491b885a854ee10cfda26d72a0095b,14,14,1.0,3120.721587,2462.721587527568,12313.60793763784,100,500,88,42,28,0,True,,4.654276700006449,222.90868478571429,b86e372656266059655318a0d78412a33495e50853782e3e3176ca6f4fc14972,6176d8ae3d9a18f1f102bdcf699e2dd0b22f93831ce5b37f8f6ce90372034329
optical80,12011,uniform,mixed,fixed_hash,20260912T085540590788Z-s12011-G-bece9a98,4ae85ce7bdd7f49d8087a86a419350401a27de7971a5cc4ad0255d4750ca208e,46f860bff62566d2434e4546ac541f421ef4e86e3418fcd986db2b131f47c59c,14,14,1.0,3127.926022,2468.9260230917234,12344.630115458618,99,495,88,48,28,2,True,,4.575244399995427,223.42328728571428,65e0355b4ecb6da1ba7de312dbf552f68625f82613dd8464d7d4bd370fee7158,6176d8ae3d9a18f1f102bdcf699e2dd0b22f93831ce5b37f8f6ce90372034329
optical120,12011,uniform,mixed,fixed_hash,20260912T085540699049Z-s12011-G-4bc335d1,4ae85ce7bdd7f49d8087a86a419350401a27de7971a5cc4ad0255d4750ca208e,b00cde01e57a36bd297e2fa45e4e98cac574293751b4dd66538f32c6dc4f9b41,14,14,1.0,3143.607251,2472.6072518195083,12363.036259097542,100,500,89,54,28,4,True,,4.559651600007783,224.54337507142856,f2f2382ca67aadbbc2fee50ced23074313f549a0e318fb8cab221fecfe408de2,6176d8ae3d9a18f1f102bdcf699e2dd0b22f93831ce5b37f8f6ce90372034329
defer_clear,12011,uniform,mixed,fixed_hash,20260912T085541984865Z-s12011-G-8a283853,4ae85ce7bdd7f49d8087a86a419350401a27de7971a5cc4ad0255d4750ca208e,386b04b1298ce930382bcba119518020ef12a25d97d9c834c2aaf23e8bc632bc,14,14,1.0,3029.055459,2349.0554566487813,11745.277283243906,102,510,97,45,28,1,True,,3.694579100003466,216.36110421428572,619e95fe4cb1979d722082bea439f149db05516fdcaa36c9ac30e19638a023e5,6176d8ae3d9a18f1f102bdcf699e2dd0b22f93831ce5b37f8f6ce90372034329
commit400,12011,uniform,mixed,fixed_hash,20260912T085541359830Z-s12011-G-4053eb3d,4ae85ce7bdd7f49d8087a86a419350401a27de7971a5cc4ad0255d4750ca208e,e4f0b01669f509f4dd0f5d3941b450f90e3689dca809a6d3d8c57266da95442f,14,14,1.0,3119.748925,2462.7489254611346,12313.744627305674,100,500,87,42,28,0,True,,4.905952499990235,222.83920892857142,0204f5b869759bb0eccf1e3da3408646b9bcfcdaadae8c8da9faa2838d16a58c,6176d8ae3d9a18f1f102bdcf699e2dd0b22f93831ce5b37f8f6ce90372034329
share_loose,12011,uniform,mixed,fixed_hash,20260912T085541285903Z-s12011-G-98e34a62,4ae85ce7bdd7f49d8087a86a419350401a27de7971a5cc4ad0255d4750ca208e,666470bd322b3828274c261ba31ee03a054a12e2443788ba31d2f221ba8cd918,14,14,1.0,3137.055563,2460.055563758494,12300.277818792469,103,515,92,42,28,0,True,,5.186783800003468,224.07539735714286,ce3f502b1d3611333dbda3b5496cdf59c1098043e4dcc9db5cbe45b974657491,6176d8ae3d9a18f1f102bdcf699e2dd0b22f93831ce5b37f8f6ce90372034329
early_clear,12011,uniform,mixed,fixed_hash,20260912T085541809207Z-s12011-G-f6449f07,4ae85ce7bdd7f49d8087a86a419350401a27de7971a5cc4ad0255d4750ca208e,500ba23ecc21810d3ac5f773055242d64c32f5f7a4a0b68a82d17484a530b795,14,14,1.0,3120.721587,2462.721587527568,12313.60793763784,100,500,88,42,28,0,True,,5.169641200001934,222.90868478571429,2e3e1472e3a016bf1eff67b39b9d456e5c26321ec27bae159b9e9994e927ba7a,6176d8ae3d9a18f1f102bdcf699e2dd0b22f93831ce5b37f8f6ce90372034329
commit0,12011,uniform,mixed,fixed_hash,20260912T085541666785Z-s12011-G-3f73d9ec,4ae85ce7bdd7f49d8087a86a419350401a27de7971a5cc4ad0255d4750ca208e,406d2c64289051b3c073155c29c269de2b145c4eba8d1b8206e6fc64617b0fe6,14,14,1.0,3146.581827,2464.581825249682,12322.90912624841,104,520,92,42,28,0,True,,5.817537200011429,224.7558447857143,90ba3e687458c75621d5338ed7ea2f176f792745b98453b1e31eb7e0d05a4092,6176d8ae3d9a18f1f102bdcf699e2dd0b22f93831ce5b37f8f6ce90372034329
optical80,12012,uniform,mixed,fixed_hash,20260912T085545337405Z-s12012-G-e8b138a9,4ae85ce7bdd7f49d8087a86a419350401a27de7971a5cc4ad0255d4750ca208e,46f860bff62566d2434e4546ac541f421ef4e86e3418fcd986db2b131f47c59c,11,11,1.0,2709.192059,1987.1920560978517,9935.960280489258,111,555,106,39,22,2,True,,5.1005792999931145,246.29018718181817,65e0355b4ecb6da1ba7de312dbf552f68625f82613dd8464d7d4bd370fee7158,81420ab306483582309e71cd4f9dd5754c01d1d3b3f743c6de7caa6a06c5c387
optical120,12012,uniform,mixed,fixed_hash,20260912T085545454101Z-s12012-G-7c9c2580,4ae85ce7bdd7f49d8087a86a419350401a27de7971a5cc4ad0255d4750ca208e,b00cde01e57a36bd297e2fa45e4e98cac574293751b4dd66538f32c6dc4f9b41,11,11,1.0,2732.545699,1999.5456976766927,9997.728488383464,112,560,106,45,22,4,True,,5.253136200000881,248.41324536363635,f2f2382ca67aadbbc2fee50ced23074313f549a0e318fb8cab221fecfe408de2,81420ab306483582309e71cd4f9dd5754c01d1d3b3f743c6de7caa6a06c5c387
G,12012,uniform,mixed,fixed_hash,20260912T085545298981Z-s12012-G-ff819b85,4ae85ce7bdd7f49d8087a86a419350401a27de7971a5cc4ad0255d4750ca208e,66b91d427f3d3cf867c3c0655a9c6a665d491b885a854ee10cfda26d72a0095b,11,11,1.0,2710.648896,1986.648893109325,9933.244465546624,112,560,106,36,22,1,True,,5.650083900007303,246.42262690909092,b86e372656266059655318a0d78412a33495e50853782e3e3176ca6f4fc14972,81420ab306483582309e71cd4f9dd5754c01d1d3b3f743c6de7caa6a06c5c387
defer_clear,12012,uniform,mixed,fixed_hash,20260912T085547681152Z-s12012-G-e3688066,4ae85ce7bdd7f49d8087a86a419350401a27de7971a5cc4ad0255d4750ca208e,386b04b1298ce930382bcba119518020ef12a25d97d9c834c2aaf23e8bc632bc,11,11,1.0,3003.270332,2314.270331934219,11571.351659671096,105,525,103,39,22,2,True,,3.3601533000037307,273.02457563636364,619e95fe4cb1979d722082bea439f149db05516fdcaa36c9ac30e19638a023e5,81420ab306483582309e71cd4f9dd5754c01d1d3b3f743c6de7caa6a06c5c387
share_loose,12012,uniform,mixed,fixed_hash,20260912T085545871289Z-s12012-G-64f40470,4ae85ce7bdd7f49d8087a86a419350401a27de7971a5cc4ad0255d4750ca208e,666470bd322b3828274c261ba31ee03a054a12e2443788ba31d2f221ba8cd918,11,11,1.0,2713.040606,1978.0406028946556,9890.203014473278,114,570,107,36,22,1,True,,5.554810200002976,246.6400550909091,ce3f502b1d3611333dbda3b5496cdf59c1098043e4dcc9db5cbe45b974657491,81420ab306483582309e71cd4f9dd5754c01d1d3b3f743c6de7caa6a06c5c387
commit400,12012,uniform,mixed,fixed_hash,20260912T085546467016Z-s12012-G-32e71c07,4ae85ce7bdd7f49d8087a86a419350401a27de7971a5cc4ad0255d4750ca208e,e4f0b01669f509f4dd0f5d3941b450f90e3689dca809a6d3d8c57266da95442f,11,11,1.0,2811.369106,2100.3691033928662,10501.845516964331,110,550,103,36,22,1,True,,5.380992600010359,255.57900963636365,0204f5b869759bb0eccf1e3da3408646b9bcfcdaadae8c8da9faa2838d16a58c,81420ab306483582309e71cd4f9dd5754c01d1d3b3f743c6de7caa6a06c5c387
early_clear,12012,uniform,mixed,fixed_hash,20260912T085547173894Z-s12012-G-d84a15e8,4ae85ce7bdd7f49d8087a86a419350401a27de7971a5cc4ad0255d4750ca208e,500ba23ecc21810d3ac5f773055242d64c32f5f7a4a0b68a82d17484a530b795,11,11,1.0,2710.648896,1986.648893109325,9933.244465546624,112,560,106,36,22,1,True,,5.472537399997236,246.42262690909092,2e3e1472e3a016bf1eff67b39b9d456e5c26321ec27bae159b9e9994e927ba7a,81420ab306483582309e71cd4f9dd5754c01d1d3b3f743c6de7caa6a06c5c387
commit0,12012,uniform,mixed,fixed_hash,20260912T085546654203Z-s12012-G-5aa50623,4ae85ce7bdd7f49d8087a86a419350401a27de7971a5cc4ad0255d4750ca208e,406d2c64289051b3c073155c29c269de2b145c4eba8d1b8206e6fc64617b0fe6,11,11,1.0,2720.249291,1989.2492923112761,9946.24646155638,114,570,106,33,22,0,True,,6.2301870000083,247.2953900909091,90ba3e687458c75621d5338ed7ea2f176f792745b98453b1e31eb7e0d05a4092,81420ab306483582309e71cd4f9dd5754c01d1d3b3f743c6de7caa6a06c5c387
G,12013,uniform,mixed,fixed_hash,20260912T085550656144Z-s12013-G-c99599dc,4ae85ce7bdd7f49d8087a86a419350401a27de7971a5cc4ad0255d4750ca208e,66b91d427f3d3cf867c3c0655a9c6a665d491b885a854ee10cfda26d72a0095b,10,10,1.0,2681.474089,2029.4740856796234,10147.370428398117,101,505,97,30,20,0,True,,4.113048200000776,268.14740889999996,b86e372656266059655318a0d78412a33495e50853782e3e3176ca6f4fc14972,e4b6640929d420331df58465a2cc0fcda335cb25cdb579bbee96f42113586e22
optical80,12013,uniform,mixed,fixed_hash,20260912T085550924270Z-s12013-G-f0153c7c,4ae85ce7bdd7f49d8087a86a419350401a27de7971a5cc4ad0255d4750ca208e,46f860bff62566d2434e4546ac541f421ef4e86e3418fcd986db2b131f47c59c,10,10,1.0,2724.58702,2062.5870200647814,10312.935100323908,102,510,99,33,20,1,True,,4.270384000003105,272.458702,65e0355b4ecb6da1ba7de312dbf552f68625f82613dd8464d7d4bd370fee7158,e4b6640929d420331df58465a2cc0fcda335cb25cdb579bbee96f42113586e22
optical120,12013,uniform,mixed,fixed_hash,20260912T085551189016Z-s12013-G-5601081d,4ae85ce7bdd7f49d8087a86a419350401a27de7971a5cc4ad0255d4750ca208e,b00cde01e57a36bd297e2fa45e4e98cac574293751b4dd66538f32c6dc4f9b41,10,10,1.0,2724.58702,2062.5870200647814,10312.935100323908,102,510,99,33,20,1,True,,4.376822900012485,272.458702,f2f2382ca67aadbbc2fee50ced23074313f549a0e318fb8cab221fecfe408de2,e4b6640929d420331df58465a2cc0fcda335cb25cdb579bbee96f42113586e22
share_loose,12013,uniform,mixed,fixed_hash,20260912T085551259103Z-s12013-G-f8784cd4,4ae85ce7bdd7f49d8087a86a419350401a27de7971a5cc4ad0255d4750ca208e,666470bd322b3828274c261ba31ee03a054a12e2443788ba31d2f221ba8cd918,10,10,1.0,2706.354855,2030.3548526488896,10151.774263244448,105,525,101,30,20,0,True,,4.367141800001264,270.6354855,ce3f502b1d3611333dbda3b5496cdf59c1098043e4dcc9db5cbe45b974657491,e4b6640929d420331df58465a2cc0fcda335cb25cdb579bbee96f42113586e22
commit400,12013,uniform,mixed,fixed_hash,20260912T085551668130Z-s12013-G-43fb94e3,4ae85ce7bdd7f49d8087a86a419350401a27de7971a5cc4ad0255d4750ca208e,e4f0b01669f509f4dd0f5d3941b450f90e3689dca809a6d3d8c57266da95442f,10,10,1.0,2681.474089,2029.4740856796234,10147.370428398117,101,505,97,30,20,0,True,,4.099602400005097,268.14740889999996,0204f5b869759bb0eccf1e3da3408646b9bcfcdaadae8c8da9faa2838d16a58c,e4b6640929d420331df58465a2cc0fcda335cb25cdb579bbee96f42113586e22
defer_clear,12013,uniform,mixed,fixed_hash,20260912T085553107676Z-s12013-G-c521dc3d,4ae85ce7bdd7f49d8087a86a419350401a27de7971a5cc4ad0255d4750ca208e,386b04b1298ce930382bcba119518020ef12a25d97d9c834c2aaf23e8bc632bc,10,10,1.0,2736.012693,2050.0126927963292,10250.063463981647,107,535,101,30,20,0,True,,3.0376989000069443,273.6012693,619e95fe4cb1979d722082bea439f149db05516fdcaa36c9ac30e19638a023e5,e4b6640929d420331df58465a2cc0fcda335cb25cdb579bbee96f42113586e22
commit0,12013,uniform,mixed,fixed_hash,20260912T085552074464Z-s12013-G-b31b77b1,4ae85ce7bdd7f49d8087a86a419350401a27de7971a5cc4ad0255d4750ca208e,406d2c64289051b3c073155c29c269de2b145c4eba8d1b8206e6fc64617b0fe6,10,10,1.0,2590.24178,1883.2417788579157,9416.208894289579,110,550,107,30,20,0,True,,4.6605852999928175,259.024178,90ba3e687458c75621d5338ed7ea2f176f792745b98453b1e31eb7e0d05a4092,e4b6640929d420331df58465a2cc0fcda335cb25cdb579bbee96f42113586e22
early_clear,12013,uniform,mixed,fixed_hash,20260912T085552921445Z-s12013-G-8a832960,4ae85ce7bdd7f49d8087a86a419350401a27de7971a5cc4ad0255d4750ca208e,500ba23ecc21810d3ac5f773055242d64c32f5f7a4a0b68a82d17484a530b795,10,10,1.0,2681.474089,2029.4740856796234,10147.370428398117,101,505,97,30,20,0,True,,4.051049099987722,268.14740889999996,2e3e1472e3a016bf1eff67b39b9d456e5c26321ec27bae159b9e9994e927ba7a,e4b6640929d420331df58465a2cc0fcda335cb25cdb579bbee96f42113586e22
defer_clear,12014,uniform,mixed,fixed_hash,20260912T085557189275Z-s12014-G-007027ac,4ae85ce7bdd7f49d8087a86a419350401a27de7971a5cc4ad0255d4750ca208e,386b04b1298ce930382bcba119518020ef12a25d97d9c834c2aaf23e8bc632bc,14,14,1.0,4214.455514,3514.455514756914,17572.27757378457,106,530,100,42,28,0,True,,4.071913499996299,301.03253671428575,619e95fe4cb1979d722082bea439f149db05516fdcaa36c9ac30e19638a023e5,121ce51846d331aba55ff1aaaa04f0a16417533cd127f1993a116902662a05f2
optical80,12014,uniform,mixed,fixed_hash,20260912T085555408813Z-s12014-G-f46767b5,4ae85ce7bdd7f49d8087a86a419350401a27de7971a5cc4ad0255d4750ca208e,46f860bff62566d2434e4546ac541f421ef4e86e3418fcd986db2b131f47c59c,14,14,1.0,3434.410467,2651.410468867442,13257.05234433721,119,595,112,48,28,2,True,,6.378473099990515,245.31503335714288,65e0355b4ecb6da1ba7de312dbf552f68625f82613dd8464d7d4bd370fee7158,121ce51846d331aba55ff1aaaa04f0a16417533cd127f1993a116902662a05f2
optical120,12014,uniform,mixed,fixed_hash,20260912T085555771985Z-s12014-G-c662bdbf,4ae85ce7bdd7f49d8087a86a419350401a27de7971a5cc4ad0255d4750ca208e,b00cde01e57a36bd297e2fa45e4e98cac574293751b4dd66538f32c6dc4f9b41,14,14,1.0,3429.517279,2640.5172804321587,13202.586402160794,119,595,112,54,28,4,True,,6.2782332000060705,244.96551992857144,f2f2382ca67aadbbc2fee50ced23074313f549a0e318fb8cab221fecfe408de2,121ce51846d331aba55ff1aaaa04f0a16417533cd127f1993a116902662a05f2
G,12014,uniform,mixed,fixed_hash,20260912T085554989247Z-s12014-G-6eb68fad,4ae85ce7bdd7f49d8087a86a419350401a27de7971a5cc4ad0255d4750ca208e,66b91d427f3d3cf867c3c0655a9c6a665d491b885a854ee10cfda26d72a0095b,14,14,1.0,3449.667168,2652.6671710824153,13263.335855412077,123,615,112,42,28,0,True,,7.459457600009046,246.4047977142857,b86e372656266059655318a0d78412a33495e50853782e3e3176ca6f4fc14972,121ce51846d331aba55ff1aaaa04f0a16417533cd127f1993a116902662a05f2
share_loose,12014,uniform,mixed,fixed_hash,20260912T085555844501Z-s12014-G-a070b89c,4ae85ce7bdd7f49d8087a86a419350401a27de7971a5cc4ad0255d4750ca208e,666470bd322b3828274c261ba31ee03a054a12e2443788ba31d2f221ba8cd918,14,14,1.0,3455.69196,2652.6919618871307,13263.459809435653,124,620,113,42,28,0,True,,7.466171899999608,246.83514,ce3f502b1d3611333dbda3b5496cdf59c1098043e4dcc9db5cbe45b974657491,121ce51846d331aba55ff1aaaa04f0a16417533cd127f1993a116902662a05f2
commit400,12014,uniform,mixed,fixed_hash,20260912T085555986307Z-s12014-G-33b450ae,4ae85ce7bdd7f49d8087a86a419350401a27de7971a5cc4ad0255d4750ca208e,e4f0b01669f509f4dd0f5d3941b450f90e3689dca809a6d3d8c57266da95442f,14,14,1.0,3449.667168,2652.6671710824153,13263.335855412077,123,615,112,42,28,0,True,,7.458938700001454,246.4047977142857,0204f5b869759bb0eccf1e3da3408646b9bcfcdaadae8c8da9faa2838d16a58c,121ce51846d331aba55ff1aaaa04f0a16417533cd127f1993a116902662a05f2
early_clear,12014,uniform,mixed,fixed_hash,20260912T085556956233Z-s12014-G-11669e68,4ae85ce7bdd7f49d8087a86a419350401a27de7971a5cc4ad0255d4750ca208e,500ba23ecc21810d3ac5f773055242d64c32f5f7a4a0b68a82d17484a530b795,14,14,1.0,3449.667168,2652.6671710824153,13263.335855412077,123,615,112,42,28,0,True,,7.457012500002747,246.4047977142857,2e3e1472e3a016bf1eff67b39b9d456e5c26321ec27bae159b9e9994e927ba7a,121ce51846d331aba55ff1aaaa04f0a16417533cd127f1993a116902662a05f2
commit0,12014,uniform,mixed,fixed_hash,20260912T085556360585Z-s12014-G-17789d7e,4ae85ce7bdd7f49d8087a86a419350401a27de7971a5cc4ad0255d4750ca208e,406d2c64289051b3c073155c29c269de2b145c4eba8d1b8206e6fc64617b0fe6,14,14,1.0,3425.791706,2612.791706172706,13063.95853086353,125,625,118,42,28,0,True,,9.044633199999225,244.69940757142857,90ba3e687458c75621d5338ed7ea2f176f792745b98453b1e31eb7e0d05a4092,121ce51846d331aba55ff1aaaa04f0a16417533cd127f1993a116902662a05f2
G,12015,uniform,mixed,fixed_hash,20260912T085601463502Z-s12015-G-30ecf2d2,4ae85ce7bdd7f49d8087a86a419350401a27de7971a5cc4ad0255d4750ca208e,66b91d427f3d3cf867c3c0655a9c6a665d491b885a854ee10cfda26d72a0095b,13,13,1.0,2740.410541,2042.4105409582558,10212.052704791278,106,530,100,42,26,1,True,,5.326677699995344,210.80081084615387,b86e372656266059655318a0d78412a33495e50853782e3e3176ca6f4fc14972,5caab984c66661202b62e500f9abe04fe65294a869693d8ca4edc713b0fd9a72
optical80,12015,uniform,mixed,fixed_hash,20260912T085602006097Z-s12015-G-6d409972,4ae85ce7bdd7f49d8087a86a419350401a27de7971a5cc4ad0255d4750ca208e,46f860bff62566d2434e4546ac541f421ef4e86e3418fcd986db2b131f47c59c,13,13,1.0,2742.165117,2041.1651170701516,10205.825585350758,106,530,100,45,26,2,True,,5.26370890000544,210.93577823076924,65e0355b4ecb6da1ba7de312dbf552f68625f82613dd8464d7d4bd370fee7158,5caab984c66661202b62e500f9abe04fe65294a869693d8ca4edc713b0fd9a72
optical120,12015,uniform,mixed,fixed_hash,20260912T085602271319Z-s12015-G-14b4fc78,4ae85ce7bdd7f49d8087a86a419350401a27de7971a5cc4ad0255d4750ca208e,b00cde01e57a36bd297e2fa45e4e98cac574293751b4dd66538f32c6dc4f9b41,13,13,1.0,2742.165117,2041.1651170701516,10205.825585350758,106,530,100,45,26,2,True,,5.3366534000087995,210.93577823076924,f2f2382ca67aadbbc2fee50ced23074313f549a0e318fb8cab221fecfe408de2,5caab984c66661202b62e500f9abe04fe65294a869693d8ca4edc713b0fd9a72
share_loose,12015,uniform,mixed,fixed_hash,20260912T085602667556Z-s12015-G-17da14b6,4ae85ce7bdd7f49d8087a86a419350401a27de7971a5cc4ad0255d4750ca208e,666470bd322b3828274c261ba31ee03a054a12e2443788ba31d2f221ba8cd918,13,13,1.0,2752.838306,2040.838306645022,10204.19153322511,109,545,99,42,26,1,True,,5.358204200005275,211.75679276923077,ce3f502b1d3611333dbda3b5496cdf59c1098043e4dcc9db5cbe45b974657491,5caab984c66661202b62e500f9abe04fe65294a869693d8ca4edc713b0fd9a72
commit400,12015,uniform,mixed,fixed_hash,20260912T085603520349Z-s12015-G-fd50ea4f,4ae85ce7bdd7f49d8087a86a419350401a27de7971a5cc4ad0255d4750ca208e,e4f0b01669f509f4dd0f5d3941b450f90e3689dca809a6d3d8c57266da95442f,13,13,1.0,2732.708638,2034.708637336642,10173.54318668321,106,530,100,42,26,1,True,,5.2630324000056135,210.20835676923076,0204f5b869759bb0eccf1e3da3408646b9bcfcdaadae8c8da9faa2838d16a58c,5caab984c66661202b62e500f9abe04fe65294a869693d8ca4edc713b0fd9a72
commit0,12015,uniform,mixed,fixed_hash,20260912T085603705628Z-s12015-G-664889ab,4ae85ce7bdd7f49d8087a86a419350401a27de7971a5cc4ad0255d4750ca208e,406d2c64289051b3c073155c29c269de2b145c4eba8d1b8206e6fc64617b0fe6,13,13,1.0,2742.898616,2024.8986144170344,10124.493072085172,109,545,102,45,26,2,True,,5.734890799998539,210.99220123076924,90ba3e687458c75621d5338ed7ea2f176f792745b98453b1e31eb7e0d05a4092,5caab984c66661202b62e500f9abe04fe65294a869693d8ca4edc713b0fd9a72
defer_clear,12015,uniform,mixed,fixed_hash,20260912T085605624196Z-s12015-G-4175f2cf,4ae85ce7bdd7f49d8087a86a419350401a27de7971a5cc4ad0255d4750ca208e,386b04b1298ce930382bcba119518020ef12a25d97d9c834c2aaf23e8bc632bc,13,13,1.0,2810.054312,2124.0543115270875,10620.271557635439,104,520,98,42,26,1,True,,4.098893799993675,216.158024,619e95fe4cb1979d722082bea439f149db05516fdcaa36c9ac30e19638a023e5,5caab984c66661202b62e500f9abe04fe65294a869693d8ca4edc713b0fd9a72
early_clear,12015,uniform,mixed,fixed_hash,20260912T085604642538Z-s12015-G-02f36184,4ae85ce7bdd7f49d8087a86a419350401a27de7971a5cc4ad0255d4750ca208e,500ba23ecc21810d3ac5f773055242d64c32f5f7a4a0b68a82d17484a530b795,13,13,1.0,2740.410541,2042.4105409582558,10212.052704791278,106,530,100,42,26,1,True,,5.295168500000727,210.80081084615387,2e3e1472e3a016bf1eff67b39b9d456e5c26321ec27bae159b9e9994e927ba7a,5caab984c66661202b62e500f9abe04fe65294a869693d8ca4edc713b0fd9a72
G,12016,uniform,mixed,fixed_hash,20260912T085607011136Z-s12016-G-380c6974,4ae85ce7bdd7f49d8087a86a419350401a27de7971a5cc4ad0255d4750ca208e,66b91d427f3d3cf867c3c0655a9c6a665d491b885a854ee10cfda26d72a0095b,16,16,1.0,2854.6674,2250.667400547697,11253.337002738484,88,440,84,48,32,0,True,,4.861006200007978,178.4167125,b86e372656266059655318a0d78412a33495e50853782e3e3176ca6f4fc14972,a961fc2d031f978a59e33b6ac39d22fa958ac0be2dcbbe28871c68e6daaf0e84
optical80,12016,uniform,mixed,fixed_hash,20260912T085607498698Z-s12016-G-4fcd824d,4ae85ce7bdd7f49d8087a86a419350401a27de7971a5cc4ad0255d4750ca208e,46f860bff62566d2434e4546ac541f421ef4e86e3418fcd986db2b131f47c59c,16,16,1.0,2837.60301,2231.603007769281,11158.015038846404,87,435,85,54,32,2,True,,4.591562400004477,177.350188125,65e0355b4ecb6da1ba7de312dbf552f68625f82613dd8464d7d4bd370fee7158,a961fc2d031f978a59e33b6ac39d22fa958ac0be2dcbbe28871c68e6daaf0e84
optical120,12016,uniform,mixed,fixed_hash,20260912T085607814186Z-s12016-G-6ab5cc79,4ae85ce7bdd7f49d8087a86a419350401a27de7971a5cc4ad0255d4750ca208e,b00cde01e57a36bd297e2fa45e4e98cac574293751b4dd66538f32c6dc4f9b41,16,16,1.0,2827.71963,2227.719628891314,11138.598144456571,86,430,84,54,32,2,True,,4.409064399995259,176.732476875,f2f2382ca67aadbbc2fee50ced23074313f549a0e318fb8cab221fecfe408de2,a961fc2d031f978a59e33b6ac39d22fa958ac0be2dcbbe28871c68e6daaf0e84
share_loose,12016,uniform,mixed,fixed_hash,20260912T085608253095Z-s12016-G-452349f9,4ae85ce7bdd7f49d8087a86a419350401a27de7971a5cc4ad0255d4750ca208e,666470bd322b3828274c261ba31ee03a054a12e2443788ba31d2f221ba8cd918,16,16,1.0,2875.635893,2241.6358915854175,11208.179457927088,93,465,89,48,32,0,True,,5.259229300005245,179.7272433125,ce3f502b1d3611333dbda3b5496cdf59c1098043e4dcc9db5cbe45b974657491,a961fc2d031f978a59e33b6ac39d22fa958ac0be2dcbbe28871c68e6daaf0e84
defer_clear,12016,uniform,mixed,fixed_hash,20260912T085610157736Z-s12016-G-fd263eaf,4ae85ce7bdd7f49d8087a86a419350401a27de7971a5cc4ad0255d4750ca208e,386b04b1298ce930382bcba119518020ef12a25d97d9c834c2aaf23e8bc632bc,16,16,1.0,3642.081543,3089.0815413655287,15445.407706827644,79,395,75,51,32,1,True,,3.642801799986046,227.6300964375,619e95fe4cb1979d722082bea439f149db05516fdcaa36c9ac30e19638a023e5,a961fc2d031f978a59e33b6ac39d22fa958ac0be2dcbbe28871c68e6daaf0e84
commit400,12016,uniform,mixed,fixed_hash,20260912T085609007799Z-s12016-G-5b81a202,4ae85ce7bdd7f49d8087a86a419350401a27de7971a5cc4ad0255d4750ca208e,e4f0b01669f509f4dd0f5d3941b450f90e3689dca809a6d3d8c57266da95442f,16,16,1.0,2928.616922,2331.6169217630477,11658.08460881524,87,435,82,48,32,0,True,,5.167182100005448,183.038557625,0204f5b869759bb0eccf1e3da3408646b9bcfcdaadae8c8da9faa2838d16a58c,a961fc2d031f978a59e33b6ac39d22fa958ac0be2dcbbe28871c68e6daaf0e84
commit0,12016,uniform,mixed,fixed_hash,20260912T085609685280Z-s12016-G-5b571038,4ae85ce7bdd7f49d8087a86a419350401a27de7971a5cc4ad0255d4750ca208e,406d2c64289051b3c073155c29c269de2b145c4eba8d1b8206e6fc64617b0fe6,16,16,1.0,2855.093593,2250.0935914001166,11250.467957000583,88,440,85,48,32,0,True,,4.913907399997697,178.4433495625,90ba3e687458c75621d5338ed7ea2f176f792745b98453b1e31eb7e0d05a4092,a961fc2d031f978a59e33b6ac39d22fa958ac0be2dcbbe28871c68e6daaf0e84
early_clear,12016,uniform,mixed,fixed_hash,20260912T085609927582Z-s12016-G-74f1de7c,4ae85ce7bdd7f49d8087a86a419350401a27de7971a5cc4ad0255d4750ca208e,500ba23ecc21810d3ac5f773055242d64c32f5f7a4a0b68a82d17484a530b795,16,16,1.0,2854.6674,2250.667400547697,11253.337002738484,88,440,84,48,32,0,True,,4.779393599994364,178.4167125,2e3e1472e3a016bf1eff67b39b9d456e5c26321ec27bae159b9e9994e927ba7a,a961fc2d031f978a59e33b6ac39d22fa958ac0be2dcbbe28871c68e6daaf0e84
