RF_detection_count,RF_detection_time,audit_errors,audit_pass,average_localization_clear_time_s_per_source,channel_switch_time,clear_count,clear_ratio,clear_time,client_error,completion_proved,count,error_mode,experimental_events,future_timed_fallbacks,jammer_count,kind,measured_program_wall_time_s,move_distance,move_time,optical_failed_count,optical_time,parameter_hash,reception,region_checks,run_id,scenario,scene_hash,seed,strategy_hash,total_time,variant,variant_hash
117,585,,True,299.4393172,110,10,1.0,20,,True,10,fixed_hash,0,0,10,Gplus,4.316370200001984,11246.965866030056,2249.393173206011,0,30,3344c0c3c0c9b70bc2c9ecb9b0b1665cf3cc67c01f47d150d7a2cee978833f87,minimum,27,20260912T113155898497Z-s23001-G-b359cace,uniform,229525d70743905b5860b700fe9500ee38b39d43526d18c62f4a2f63a8a7b16e,23001,879d22e75ae099462ddfb7a6032b9ee3e5701382fc5f71bca331d53902680f3a,2994.393172,Gplus,8415bde2ec5df89a72a65911c0bfd8a7d5ad306da146f80eb7207232f2cd0f4f
133,665,,True,286.5167285,129,10,1.0,20,,True,10,plus_one,0,0,10,Gplus,4.274995300002047,10105.836428449682,2021.1672856899363,0,30,3344c0c3c0c9b70bc2c9ecb9b0b1665cf3cc67c01f47d150d7a2cee978833f87,minimum,26,20260912T113155944577Z-s23003-G-c102e2ab,uniform,c7c44b957f5f0fda650dd3ee6f9831ef3005c87df9517ab8b5f9932f4d73b62a,23003,879d22e75ae099462ddfb7a6032b9ee3e5701382fc5f71bca331d53902680f3a,2865.167285,Gplus,8415bde2ec5df89a72a65911c0bfd8a7d5ad306da146f80eb7207232f2cd0f4f
117,585,,True,299.31578909999996,110,10,1.0,20,,True,10,fixed_hash,2,0,10,OpticalRoute,4.382681899995077,11240.789453890695,2248.157890778139,0,30,3344c0c3c0c9b70bc2c9ecb9b0b1665cf3cc67c01f47d150d7a2cee978833f87,minimum,27,20260912T113155911009Z-s23001-G-919d0183,uniform,229525d70743905b5860b700fe9500ee38b39d43526d18c62f4a2f63a8a7b16e,23001,879d22e75ae099462ddfb7a6032b9ee3e5701382fc5f71bca331d53902680f3a,2993.157891,OpticalRoute,1d06f25226f371818df5ddb816a3ba97ddb467814551275892eb521928098687
133,665,,True,286.8868651,129,10,1.0,20,,True,10,plus_one,3,0,10,OpticalRoute,4.401197500003036,10109.343252586808,2021.8686505173616,1,33,3344c0c3c0c9b70bc2c9ecb9b0b1665cf3cc67c01f47d150d7a2cee978833f87,minimum,27,20260912T113155968819Z-s23003-G-9dd44e2c,uniform,c7c44b957f5f0fda650dd3ee6f9831ef3005c87df9517ab8b5f9932f4d73b62a,23003,879d22e75ae099462ddfb7a6032b9ee3e5701382fc5f71bca331d53902680f3a,2868.868651,OpticalRoute,1d06f25226f371818df5ddb816a3ba97ddb467814551275892eb521928098687
101,505,,True,184.9706761875,94,16,1.0,32,,True,16,smooth,0,0,16,Gplus,5.35426059999736,11402.654097958406,2280.5308195916814,0,48,3344c0c3c0c9b70bc2c9ecb9b0b1665cf3cc67c01f47d150d7a2cee978833f87,minimum,46,20260912T113155924523Z-s23002-G-ba12e299,uniform,52567301716ed2fe442fb9cc75b35c345938bc7e791329126f6e263dd4cdd36b,23002,879d22e75ae099462ddfb7a6032b9ee3e5701382fc5f71bca331d53902680f3a,2959.530819,Gplus,8415bde2ec5df89a72a65911c0bfd8a7d5ad306da146f80eb7207232f2cd0f4f
101,505,,True,184.690127375,94,16,1.0,32,,True,16,smooth,14,0,16,OpticalRoute,7.031861600000411,11380.210197416056,2276.0420394832113,0,48,3344c0c3c0c9b70bc2c9ecb9b0b1665cf3cc67c01f47d150d7a2cee978833f87,minimum,46,20260912T113155930651Z-s23002-G-f147a102,uniform,52567301716ed2fe442fb9cc75b35c345938bc7e791329126f6e263dd4cdd36b,23002,879d22e75ae099462ddfb7a6032b9ee3e5701382fc5f71bca331d53902680f3a,2955.042038,OpticalRoute,1d06f25226f371818df5ddb816a3ba97ddb467814551275892eb521928098687
116,580,,True,283.249446,108,10,1.0,20,,True,10,fixed_hash,0,0,10,Gplus,6.802687100003823,10457.472299613939,2091.494459922788,1,33,3344c0c3c0c9b70bc2c9ecb9b0b1665cf3cc67c01f47d150d7a2cee978833f87,maximum,35,20260912T113200512600Z-s23005-G-e0d17bc5,uniform,4d06e2810e5d819af628560218a26db0dd47d403db09aa7cdc594f9bc12c57c1,23005,879d22e75ae099462ddfb7a6032b9ee3e5701382fc5f71bca331d53902680f3a,2832.49446,Gplus,8415bde2ec5df89a72a65911c0bfd8a7d5ad306da146f80eb7207232f2cd0f4f
114,570,,True,282.004932,107,10,1.0,20,,True,10,fixed_hash,7,0,10,OpticalRoute,6.997783900005743,10450.2465920588,2090.04931841176,1,33,3344c0c3c0c9b70bc2c9ecb9b0b1665cf3cc67c01f47d150d7a2cee978833f87,maximum,34,20260912T113200593044Z-s23005-G-f01270e8,uniform,4d06e2810e5d819af628560218a26db0dd47d403db09aa7cdc594f9bc12c57c1,23005,879d22e75ae099462ddfb7a6032b9ee3e5701382fc5f71bca331d53902680f3a,2820.04932,OpticalRoute,1d06f25226f371818df5ddb816a3ba97ddb467814551275892eb521928098687
79,395,,True,195.5707860625,73,16,1.0,32,,True,16,smooth,0,0,16,Gplus,6.517029800001183,12905.662891436215,2581.132578287243,0,48,3344c0c3c0c9b70bc2c9ecb9b0b1665cf3cc67c01f47d150d7a2cee978833f87,maximum,50,20260912T113201524083Z-s23006-G-049227a0,uniform,d9287d2ecc4f61c3eeedc0892c73548eca0e8d21bbe847d9e563f34779c382ac,23006,879d22e75ae099462ddfb7a6032b9ee3e5701382fc5f71bca331d53902680f3a,3129.132577,Gplus,8415bde2ec5df89a72a65911c0bfd8a7d5ad306da146f80eb7207232f2cd0f4f
105,525,,True,207.3136451875,93,16,1.0,32,,True,16,minus_one,0,0,16,Gplus,8.938206400009221,13065.091608251942,2613.0183216503883,2,54,3344c0c3c0c9b70bc2c9ecb9b0b1665cf3cc67c01f47d150d7a2cee978833f87,minimum,53,20260912T113200412744Z-s23004-G-68b38a19,uniform,94eebc3741a62de76e760a9e2e459f4829ab438f5e1131c3ea3e20af0cea4ed0,23004,879d22e75ae099462ddfb7a6032b9ee3e5701382fc5f71bca331d53902680f3a,3317.018323,Gplus,8415bde2ec5df89a72a65911c0bfd8a7d5ad306da146f80eb7207232f2cd0f4f
102,510,,True,206.762967,93,16,1.0,32,,True,16,minus_one,11,0,16,OpticalRoute,9.175584700002219,13081.037354493837,2616.2074708987675,3,57,3344c0c3c0c9b70bc2c9ecb9b0b1665cf3cc67c01f47d150d7a2cee978833f87,minimum,53,20260912T113200435745Z-s23004-G-58d896cd,uniform,94eebc3741a62de76e760a9e2e459f4829ab438f5e1131c3ea3e20af0cea4ed0,23004,879d22e75ae099462ddfb7a6032b9ee3e5701382fc5f71bca331d53902680f3a,3308.207472,OpticalRoute,1d06f25226f371818df5ddb816a3ba97ddb467814551275892eb521928098687
80,400,,True,198.5605065,74,16,1.0,32,,True,16,smooth,15,0,16,OpticalRoute,8.086388800002169,13084.840526491971,2616.968105298394,2,54,3344c0c3c0c9b70bc2c9ecb9b0b1665cf3cc67c01f47d150d7a2cee978833f87,maximum,53,20260912T113203179472Z-s23006-G-82ddf620,uniform,d9287d2ecc4f61c3eeedc0892c73548eca0e8d21bbe847d9e563f34779c382ac,23006,879d22e75ae099462ddfb7a6032b9ee3e5701382fc5f71bca331d53902680f3a,3176.968104,OpticalRoute,1d06f25226f371818df5ddb816a3ba97ddb467814551275892eb521928098687
110,550,,True,258.2216833,103,10,1.0,20,,True,10,plus_one,0,0,10,Gplus,6.242696999994223,9381.08416431394,1876.216832862788,1,33,3344c0c3c0c9b70bc2c9ecb9b0b1665cf3cc67c01f47d150d7a2cee978833f87,maximum,36,20260912T113207592073Z-s23007-G-9e8bdd69,uniform,2cfac2f6dfc1f8427ed196dedcf28d1cf24e45dc778c63bb74a90a610ecaf314,23007,879d22e75ae099462ddfb7a6032b9ee3e5701382fc5f71bca331d53902680f3a,2582.216833,Gplus,8415bde2ec5df89a72a65911c0bfd8a7d5ad306da146f80eb7207232f2cd0f4f
109,545,,True,256.8117482,102,10,1.0,20,,True,10,plus_one,6,0,10,OpticalRoute,6.425938100001076,9355.587417970926,1871.1174835941852,0,30,3344c0c3c0c9b70bc2c9ecb9b0b1665cf3cc67c01f47d150d7a2cee978833f87,maximum,35,20260912T113207838019Z-s23007-G-813ff4b2,uniform,2cfac2f6dfc1f8427ed196dedcf28d1cf24e45dc778c63bb74a90a610ecaf314,23007,879d22e75ae099462ddfb7a6032b9ee3e5701382fc5f71bca331d53902680f3a,2568.117482,OpticalRoute,1d06f25226f371818df5ddb816a3ba97ddb467814551275892eb521928098687
138,690,,True,366.7868702,132,10,1.0,20,,True,10,fixed_hash,0,0,10,Gplus,6.851809900006629,13979.34349909401,2795.868699818802,0,30,3344c0c3c0c9b70bc2c9ecb9b0b1665cf3cc67c01f47d150d7a2cee978833f87,minimum,32,20260912T113209842730Z-s23009-G-60ededee,boundary,8bbea834c9c43cda025267c55c0bdc22eed691464baf9f205e9d72770047f2e9,23009,879d22e75ae099462ddfb7a6032b9ee3e5701382fc5f71bca331d53902680f3a,3667.868702,Gplus,8415bde2ec5df89a72a65911c0bfd8a7d5ad306da146f80eb7207232f2cd0f4f
105,525,,True,192.493912875,93,16,1.0,32,,True,16,minus_one,0,0,16,Gplus,9.601009899997734,11834.513027490837,2366.9026054981673,5,63,3344c0c3c0c9b70bc2c9ecb9b0b1665cf3cc67c01f47d150d7a2cee978833f87,maximum,63,20260912T113208330388Z-s23008-G-ed3f8095,uniform,0fb1f5639c495c8752450a6efe6216ba73fc0fbfe3b06f77fc1cb727cd8d7b82,23008,879d22e75ae099462ddfb7a6032b9ee3e5701382fc5f71bca331d53902680f3a,3079.902606,Gplus,8415bde2ec5df89a72a65911c0bfd8a7d5ad306da146f80eb7207232f2cd0f4f
138,690,,True,366.38509899999997,132,10,1.0,20,,True,10,fixed_hash,2,0,10,OpticalRoute,6.763846300003934,13959.254934810016,2791.8509869620034,0,30,3344c0c3c0c9b70bc2c9ecb9b0b1665cf3cc67c01f47d150d7a2cee978833f87,minimum,32,20260912T113211554612Z-s23009-G-fb308c6c,boundary,8bbea834c9c43cda025267c55c0bdc22eed691464baf9f205e9d72770047f2e9,23009,879d22e75ae099462ddfb7a6032b9ee3e5701382fc5f71bca331d53902680f3a,3663.85099,OpticalRoute,1d06f25226f371818df5ddb816a3ba97ddb467814551275892eb521928098687
102,510,,True,190.401152125,90,16,1.0,32,,True,16,minus_one,13,0,16,OpticalRoute,9.90660589998879,11787.092167459978,2357.4184334919955,3,57,3344c0c3c0c9b70bc2c9ecb9b0b1665cf3cc67c01f47d150d7a2cee978833f87,maximum,61,20260912T113209601044Z-s23008-G-eb0a86d5,uniform,0fb1f5639c495c8752450a6efe6216ba73fc0fbfe3b06f77fc1cb727cd8d7b82,23008,879d22e75ae099462ddfb7a6032b9ee3e5701382fc5f71bca331d53902680f3a,3046.418434,OpticalRoute,1d06f25226f371818df5ddb816a3ba97ddb467814551275892eb521928098687
141,705,,True,274.905654625,131,16,1.0,32,,True,16,smooth,0,0,16,Gplus,8.998943699989468,17412.452365996152,3482.4904731992306,0,48,3344c0c3c0c9b70bc2c9ecb9b0b1665cf3cc67c01f47d150d7a2cee978833f87,minimum,58,20260912T113214127942Z-s23010-G-563dd345,boundary,c229daee23a809cdc2b28fe24ea08a34494b2732489d526c6a0cc1cd385e8c70,23010,879d22e75ae099462ddfb7a6032b9ee3e5701382fc5f71bca331d53902680f3a,4398.490474,Gplus,8415bde2ec5df89a72a65911c0bfd8a7d5ad306da146f80eb7207232f2cd0f4f
141,705,,True,274.7746379375,131,16,1.0,32,,True,16,smooth,6,0,16,OpticalRoute,9.650726099993335,17401.971026953586,3480.394205390717,0,48,3344c0c3c0c9b70bc2c9ecb9b0b1665cf3cc67c01f47d150d7a2cee978833f87,minimum,58,20260912T113214527728Z-s23010-G-a3800399,boundary,c229daee23a809cdc2b28fe24ea08a34494b2732489d526c6a0cc1cd385e8c70,23010,879d22e75ae099462ddfb7a6032b9ee3e5701382fc5f71bca331d53902680f3a,4396.394207,OpticalRoute,1d06f25226f371818df5ddb816a3ba97ddb467814551275892eb521928098687
140,700,,True,388.0168944,128,10,1.0,20,,True,10,plus_one,0,0,10,Gplus,10.693498900000122,14995.844715894313,2999.1689431788627,1,33,3344c0c3c0c9b70bc2c9ecb9b0b1665cf3cc67c01f47d150d7a2cee978833f87,minimum,36,20260912T113216934680Z-s23011-G-6c76d1bb,boundary,d836c919e15dfff0525d7d08389526c917b847a67bdc1b151f04d9244b8e208d,23011,879d22e75ae099462ddfb7a6032b9ee3e5701382fc5f71bca331d53902680f3a,3880.168944,Gplus,8415bde2ec5df89a72a65911c0bfd8a7d5ad306da146f80eb7207232f2cd0f4f
139,695,,True,387.31448209999996,128,10,1.0,20,,True,10,plus_one,5,0,10,OpticalRoute,10.794935300000361,14985.724098002027,2997.1448196004053,1,33,3344c0c3c0c9b70bc2c9ecb9b0b1665cf3cc67c01f47d150d7a2cee978833f87,minimum,36,20260912T113218167987Z-s23011-G-c30a2a0a,boundary,d836c919e15dfff0525d7d08389526c917b847a67bdc1b151f04d9244b8e208d,23011,879d22e75ae099462ddfb7a6032b9ee3e5701382fc5f71bca331d53902680f3a,3873.144821,OpticalRoute,1d06f25226f371818df5ddb816a3ba97ddb467814551275892eb521928098687
123,615,,True,324.6057183,115,10,1.0,20,,True,10,fixed_hash,0,0,10,Gplus,6.46197299999767,12330.285907762629,2466.057181552526,0,30,3344c0c3c0c9b70bc2c9ecb9b0b1665cf3cc67c01f47d150d7a2cee978833f87,maximum,29,20260912T113223390566Z-s23013-G-60e0a4b9,boundary,e878d2acee294807578b0b9aa3ae1d4cb8fefd9b7084ad1a531e1fdd7d0da772,23013,879d22e75ae099462ddfb7a6032b9ee3e5701382fc5f71bca331d53902680f3a,3246.057183,Gplus,8415bde2ec5df89a72a65911c0bfd8a7d5ad306da146f80eb7207232f2cd0f4f
125,625,,True,326.26784269999996,118,10,1.0,20,,True,10,fixed_hash,4,0,10,OpticalRoute,7.674681999997119,12348.3921325171,2469.67842650342,0,30,3344c0c3c0c9b70bc2c9ecb9b0b1665cf3cc67c01f47d150d7a2cee978833f87,maximum,31,20260912T113224449596Z-s23013-G-544d9698,boundary,e878d2acee294807578b0b9aa3ae1d4cb8fefd9b7084ad1a531e1fdd7d0da772,23013,879d22e75ae099462ddfb7a6032b9ee3e5701382fc5f71bca331d53902680f3a,3262.678427,OpticalRoute,1d06f25226f371818df5ddb816a3ba97ddb467814551275892eb521928098687
166,830,,True,268.350873875,154,16,1.0,32,,True,16,minus_one,0,0,16,Gplus,13.777859800000442,16133.069907288032,3226.6139814576063,1,51,3344c0c3c0c9b70bc2c9ecb9b0b1665cf3cc67c01f47d150d7a2cee978833f87,minimum,67,20260912T113218739287Z-s23012-G-afe195d9,boundary,404bc4b983f30b7207c1b00c03e29568b9b9f9f8d8f4c7e355337b5665212040,23012,879d22e75ae099462ddfb7a6032b9ee3e5701382fc5f71bca331d53902680f3a,4293.613982,Gplus,8415bde2ec5df89a72a65911c0bfd8a7d5ad306da146f80eb7207232f2cd0f4f
166,830,,True,268.456250875,154,16,1.0,32,,True,16,minus_one,7,0,16,OpticalRoute,14.396045400004368,16126.500070137228,3225.3000140274457,2,54,3344c0c3c0c9b70bc2c9ecb9b0b1665cf3cc67c01f47d150d7a2cee978833f87,minimum,68,20260912T113219746318Z-s23012-G-ecbbba31,boundary,404bc4b983f30b7207c1b00c03e29568b9b9f9f8d8f4c7e355337b5665212040,23012,879d22e75ae099462ddfb7a6032b9ee3e5701382fc5f71bca331d53902680f3a,4295.300014,OpticalRoute,1d06f25226f371818df5ddb816a3ba97ddb467814551275892eb521928098687
138,690,,True,343.9346686,130,10,1.0,20,,True,10,plus_one,0,0,10,Gplus,12.278457699998398,12816.733416398607,2563.346683279721,2,36,3344c0c3c0c9b70bc2c9ecb9b0b1665cf3cc67c01f47d150d7a2cee978833f87,maximum,37,20260912T113230162098Z-s23015-G-595c20a0,boundary,87de12086373f14827604c39e5568e2fca766a1f90320ca9ac1ab86791ddaab0,23015,879d22e75ae099462ddfb7a6032b9ee3e5701382fc5f71bca331d53902680f3a,3439.346686,Gplus,8415bde2ec5df89a72a65911c0bfd8a7d5ad306da146f80eb7207232f2cd0f4f
126,630,,True,227.966500875,110,16,1.0,32,,True,16,smooth,0,0,16,Gplus,15.012234299996635,14107.320063724823,2821.4640127449647,2,54,3344c0c3c0c9b70bc2c9ecb9b0b1665cf3cc67c01f47d150d7a2cee978833f87,maximum,62,20260912T113227934135Z-s23014-G-57e38f6f,boundary,b11370dae189b9f3eec95eab883c0534fca2069ac9a65eab3c8118dde666390a,23014,879d22e75ae099462ddfb7a6032b9ee3e5701382fc5f71bca331d53902680f3a,3647.464014,Gplus,8415bde2ec5df89a72a65911c0bfd8a7d5ad306da146f80eb7207232f2cd0f4f
136,680,,True,343.6516825,130,10,1.0,20,,True,10,plus_one,14,0,10,OpticalRoute,12.150655199991888,12822.584123359811,2564.5168246719622,4,42,3344c0c3c0c9b70bc2c9ecb9b0b1665cf3cc67c01f47d150d7a2cee978833f87,maximum,39,20260912T113232385729Z-s23015-G-91cda812,boundary,87de12086373f14827604c39e5568e2fca766a1f90320ca9ac1ab86791ddaab0,23015,879d22e75ae099462ddfb7a6032b9ee3e5701382fc5f71bca331d53902680f3a,3436.516825,OpticalRoute,1d06f25226f371818df5ddb816a3ba97ddb467814551275892eb521928098687
124,620,,True,227.8974365625,109,16,1.0,32,,True,16,smooth,16,0,16,OpticalRoute,15.481485800002702,14126.794916653094,2825.3589833306187,4,60,3344c0c3c0c9b70bc2c9ecb9b0b1665cf3cc67c01f47d150d7a2cee978833f87,maximum,64,20260912T113229252111Z-s23014-G-d7fbc40c,boundary,b11370dae189b9f3eec95eab883c0534fca2069ac9a65eab3c8118dde666390a,23014,879d22e75ae099462ddfb7a6032b9ee3e5701382fc5f71bca331d53902680f3a,3646.358985,OpticalRoute,1d06f25226f371818df5ddb816a3ba97ddb467814551275892eb521928098687
112,560,,True,237.16914459999998,109,10,1.0,20,,True,10,fixed_hash,0,0,10,Gplus,3.9396424000005936,8263.457221910721,1652.6914443821443,0,30,3344c0c3c0c9b70bc2c9ecb9b0b1665cf3cc67c01f47d150d7a2cee978833f87,minimum,25,20260912T113242714219Z-s23017-G-dd1730d0,clustered,7b906b9e3ced90789e53b9318ac254dac4b84a702b598a70c74845d0c839c408,23017,879d22e75ae099462ddfb7a6032b9ee3e5701382fc5f71bca331d53902680f3a,2371.691446,Gplus,8415bde2ec5df89a72a65911c0bfd8a7d5ad306da146f80eb7207232f2cd0f4f
112,560,,True,237.4760611,109,10,1.0,20,,True,10,fixed_hash,3,0,10,OpticalRoute,4.070691200002329,8263.803048354981,1652.7606096709962,1,33,3344c0c3c0c9b70bc2c9ecb9b0b1665cf3cc67c01f47d150d7a2cee978833f87,minimum,26,20260912T113243206706Z-s23017-G-2a374581,clustered,7b906b9e3ced90789e53b9318ac254dac4b84a702b598a70c74845d0c839c408,23017,879d22e75ae099462ddfb7a6032b9ee3e5701382fc5f71bca331d53902680f3a,2374.760611,OpticalRoute,1d06f25226f371818df5ddb816a3ba97ddb467814551275892eb521928098687
77,385,,True,121.7311726875,73,16,1.0,32,,True,16,smooth,1,0,16,OpticalRoute,4.172362500001327,7048.493810839822,1409.6987621679643,0,48,3344c0c3c0c9b70bc2c9ecb9b0b1665cf3cc67c01f47d150d7a2cee978833f87,minimum,48,20260912T113244979538Z-s23018-G-1672f2e4,clustered,3f498f691e9b5f68ee832b3de5a9834ec6ec173b61d22d8ce94db2b566ca37a9,23018,879d22e75ae099462ddfb7a6032b9ee3e5701382fc5f71bca331d53902680f3a,1947.698763,OpticalRoute,1d06f25226f371818df5ddb816a3ba97ddb467814551275892eb521928098687
136,680,,True,225.0868275,117,16,1.0,32,,True,16,minus_one,0,0,16,Gplus,16.318556099999114,13546.946199087719,2709.389239817544,5,63,3344c0c3c0c9b70bc2c9ecb9b0b1665cf3cc67c01f47d150d7a2cee978833f87,maximum,68,20260912T113232797325Z-s23016-G-f31a3b37,boundary,b9e9570a8aaaa3ea2d7d8d3543a6aaf0bc48ba82c8cb49ef8bd09027e56a2bbd,23016,879d22e75ae099462ddfb7a6032b9ee3e5701382fc5f71bca331d53902680f3a,3601.38924,Gplus,8415bde2ec5df89a72a65911c0bfd8a7d5ad306da146f80eb7207232f2cd0f4f
73,365,,True,124.73083525,67,16,1.0,32,,True,16,smooth,0,0,16,Gplus,4.408983400004217,7418.46683003955,1483.6933660079098,0,48,3344c0c3c0c9b70bc2c9ecb9b0b1665cf3cc67c01f47d150d7a2cee978833f87,minimum,44,20260912T113244795905Z-s23018-G-ebea0bbb,clustered,3f498f691e9b5f68ee832b3de5a9834ec6ec173b61d22d8ce94db2b566ca37a9,23018,879d22e75ae099462ddfb7a6032b9ee3e5701382fc5f71bca331d53902680f3a,1995.693364,Gplus,8415bde2ec5df89a72a65911c0bfd8a7d5ad306da146f80eb7207232f2cd0f4f
132,660,,True,224.4544051875,115,16,1.0,32,,True,16,minus_one,21,0,16,OpticalRoute,15.15496699999494,13561.352409423802,2712.2704818847606,8,72,3344c0c3c0c9b70bc2c9ecb9b0b1665cf3cc67c01f47d150d7a2cee978833f87,maximum,71,20260912T113234916028Z-s23016-G-a9b7c0f4,boundary,b9e9570a8aaaa3ea2d7d8d3543a6aaf0bc48ba82c8cb49ef8bd09027e56a2bbd,23016,879d22e75ae099462ddfb7a6032b9ee3e5701382fc5f71bca331d53902680f3a,3591.270483,OpticalRoute,1d06f25226f371818df5ddb816a3ba97ddb467814551275892eb521928098687
119,595,,True,232.3459117,113,10,1.0,20,,True,10,plus_one,0,0,10,Gplus,3.7631784999975935,7782.295586481415,1556.459117296283,3,39,3344c0c3c0c9b70bc2c9ecb9b0b1665cf3cc67c01f47d150d7a2cee978833f87,minimum,31,20260912T113246860696Z-s23019-G-972d8a6b,clustered,e4331a4d4981edad65a526cd1e47e0be6d52bfaa4fc22c99b15f3278dd54b44e,23019,879d22e75ae099462ddfb7a6032b9ee3e5701382fc5f71bca331d53902680f3a,2323.459117,Gplus,8415bde2ec5df89a72a65911c0bfd8a7d5ad306da146f80eb7207232f2cd0f4f
116,580,,True,230.53389699999997,113,10,1.0,20,,True,10,plus_one,13,0,10,OpticalRoute,4.0792650999937905,7766.694848453128,1553.3389696906256,3,39,3344c0c3c0c9b70bc2c9ecb9b0b1665cf3cc67c01f47d150d7a2cee978833f87,minimum,31,20260912T113247460078Z-s23019-G-062fd056,clustered,e4331a4d4981edad65a526cd1e47e0be6d52bfaa4fc22c99b15f3278dd54b44e,23019,879d22e75ae099462ddfb7a6032b9ee3e5701382fc5f71bca331d53902680f3a,2305.33897,OpticalRoute,1d06f25226f371818df5ddb816a3ba97ddb467814551275892eb521928098687
85,425,,True,127.6352324375,81,16,1.0,32,,True,16,minus_one,8,0,16,OpticalRoute,3.042451899993466,7250.818604728267,1450.1637209456535,2,54,3344c0c3c0c9b70bc2c9ecb9b0b1665cf3cc67c01f47d150d7a2cee978833f87,minimum,44,20260912T113249331679Z-s23020-G-ff709e73,clustered,8259e0c17d717f845fb9d77cb56a04e4bb4e94774b0a138865345faaf9a41db9,23020,879d22e75ae099462ddfb7a6032b9ee3e5701382fc5f71bca331d53902680f3a,2042.163719,OpticalRoute,1d06f25226f371818df5ddb816a3ba97ddb467814551275892eb521928098687
88,440,,True,129.2938105625,84,16,1.0,32,,True,16,minus_one,0,0,16,Gplus,3.172263699991163,7278.5048407363465,1455.7009681472694,3,57,3344c0c3c0c9b70bc2c9ecb9b0b1665cf3cc67c01f47d150d7a2cee978833f87,minimum,45,20260912T113249325909Z-s23020-G-7f3ce712,clustered,8259e0c17d717f845fb9d77cb56a04e4bb4e94774b0a138865345faaf9a41db9,23020,879d22e75ae099462ddfb7a6032b9ee3e5701382fc5f71bca331d53902680f3a,2068.700969,Gplus,8415bde2ec5df89a72a65911c0bfd8a7d5ad306da146f80eb7207232f2cd0f4f
107,535,,True,215.95827100000002,104,10,1.0,20,,True,10,fixed_hash,0,0,10,Gplus,3.5257245999964653,7352.9135495162045,1470.5827099032408,0,30,3344c0c3c0c9b70bc2c9ecb9b0b1665cf3cc67c01f47d150d7a2cee978833f87,maximum,37,20260912T113249382552Z-s23021-G-003b1f32,clustered,648355a426610292816bd019ea81b51bdcec09f7566523f199ad82dee41d6daf,23021,879d22e75ae099462ddfb7a6032b9ee3e5701382fc5f71bca331d53902680f3a,2159.58271,Gplus,8415bde2ec5df89a72a65911c0bfd8a7d5ad306da146f80eb7207232f2cd0f4f
57,285,,True,101.07921525,55,16,1.0,32,,True,16,smooth,0,0,16,Gplus,2.673339800006943,5986.3372252384215,1197.2674450476843,0,48,3344c0c3c0c9b70bc2c9ecb9b0b1665cf3cc67c01f47d150d7a2cee978833f87,maximum,55,20260912T113250838771Z-s23022-G-b445cff8,clustered,d44796a2feefeed108cc20a811e6337f492c3ad83b41ea98769b9d8a9893cfc9,23022,879d22e75ae099462ddfb7a6032b9ee3e5701382fc5f71bca331d53902680f3a,1617.267444,Gplus,8415bde2ec5df89a72a65911c0bfd8a7d5ad306da146f80eb7207232f2cd0f4f
108,540,,True,216.078151,104,10,1.0,20,,True,10,fixed_hash,4,0,10,OpticalRoute,3.9673844000062672,7318.907550085524,1463.781510017105,1,33,3344c0c3c0c9b70bc2c9ecb9b0b1665cf3cc67c01f47d150d7a2cee978833f87,maximum,38,20260912T113250698128Z-s23021-G-dd41f3d5,clustered,648355a426610292816bd019ea81b51bdcec09f7566523f199ad82dee41d6daf,23021,879d22e75ae099462ddfb7a6032b9ee3e5701382fc5f71bca331d53902680f3a,2160.78151,OpticalRoute,1d06f25226f371818df5ddb816a3ba97ddb467814551275892eb521928098687
57,285,,True,101.463694125,55,16,1.0,32,,True,16,smooth,8,0,16,OpticalRoute,3.4056176000012783,5987.095530598759,1197.4191061197519,2,54,3344c0c3c0c9b70bc2c9ecb9b0b1665cf3cc67c01f47d150d7a2cee978833f87,maximum,57,20260912T113251746236Z-s23022-G-4dc0771f,clustered,d44796a2feefeed108cc20a811e6337f492c3ad83b41ea98769b9d8a9893cfc9,23022,879d22e75ae099462ddfb7a6032b9ee3e5701382fc5f71bca331d53902680f3a,1623.419106,OpticalRoute,1d06f25226f371818df5ddb816a3ba97ddb467814551275892eb521928098687
105,525,,True,210.4091596,99,10,1.0,20,,True,10,plus_one,0,0,10,Gplus,3.658660200002487,7120.4579817796475,1424.0915963559296,2,36,3344c0c3c0c9b70bc2c9ecb9b0b1665cf3cc67c01f47d150d7a2cee978833f87,maximum,35,20260912T113252562152Z-s23023-G-95979934,clustered,b2f83da0b0fffd045ecac6dfa21edf9ce969b197f4c3b2b22b4ceebebe78427f,23023,879d22e75ae099462ddfb7a6032b9ee3e5701382fc5f71bca331d53902680f3a,2104.091596,Gplus,8415bde2ec5df89a72a65911c0bfd8a7d5ad306da146f80eb7207232f2cd0f4f
103,515,,True,208.7338583,99,10,1.0,20,,True,10,plus_one,4,0,10,OpticalRoute,3.6774880000011763,7116.692919108111,1423.3385838216223,0,30,3344c0c3c0c9b70bc2c9ecb9b0b1665cf3cc67c01f47d150d7a2cee978833f87,maximum,33,20260912T113252679260Z-s23023-G-1ab4582c,clustered,b2f83da0b0fffd045ecac6dfa21edf9ce969b197f4c3b2b22b4ceebebe78427f,23023,879d22e75ae099462ddfb7a6032b9ee3e5701382fc5f71bca331d53902680f3a,2087.338583,OpticalRoute,1d06f25226f371818df5ddb816a3ba97ddb467814551275892eb521928098687
61,305,,True,99.5340380625,60,16,1.0,32,,True,16,minus_one,0,0,16,Gplus,3.2918594000075245,5737.723055718747,1147.5446111437493,0,48,3344c0c3c0c9b70bc2c9ecb9b0b1665cf3cc67c01f47d150d7a2cee978833f87,maximum,57,20260912T113253104561Z-s23024-G-a4484886,clustered,b7d1f00f8acb71a49cef3c0fb93d3b981b00c9d1d2d9924a094898341cf2223d,23024,879d22e75ae099462ddfb7a6032b9ee3e5701382fc5f71bca331d53902680f3a,1592.544609,Gplus,8415bde2ec5df89a72a65911c0bfd8a7d5ad306da146f80eb7207232f2cd0f4f
61,305,,True,99.5340380625,60,16,1.0,32,,True,16,minus_one,0,0,16,OpticalRoute,3.2077467999915825,5737.723055718747,1147.5446111437493,0,48,3344c0c3c0c9b70bc2c9ecb9b0b1665cf3cc67c01f47d150d7a2cee978833f87,maximum,57,20260912T113253679060Z-s23024-G-cd96aeca,clustered,b7d1f00f8acb71a49cef3c0fb93d3b981b00c9d1d2d9924a094898341cf2223d,23024,879d22e75ae099462ddfb7a6032b9ee3e5701382fc5f71bca331d53902680f3a,1592.544609,OpticalRoute,1d06f25226f371818df5ddb816a3ba97ddb467814551275892eb521928098687
