RF_detection_count,RF_detection_time,audit_errors,audit_pass,average_localization_clear_time_s_per_source,channel_switch_time,clear_count,clear_ratio,clear_time,client_error,completion_proved,error_mode,experimental_events,future_timed_fallbacks,jammer_count,kind,measured_program_wall_time_s,move_distance,move_time,optical_failed_count,optical_time,parameter_hash,reception,region_checks,run_id,scenario,scene_hash,seed,strategy_hash,total_time,variant,variant_hash
87,435,,True,180.38528425,83,16,1.0,32,,True,fixed_hash,0,0,16,Gplus,3.615475200000219,11425.8227547039,2285.16455094078,1,51,3344c0c3c0c9b70bc2c9ecb9b0b1665cf3cc67c01f47d150d7a2cee978833f87,mixed,45,20260912T111920113855Z-s21001-G-a816e4ec,uniform,42563ab033d27c4df396f6d327c245af840f08be472448265f26beb53e1f6dbd,21001,b379d90fb1e232938e67d0444cdd77a5ca987baa8ec1ec4e639524a0b7d6ab84,2886.164548,Gplus,8415bde2ec5df89a72a65911c0bfd8a7d5ad306da146f80eb7207232f2cd0f4f
87,435,,True,180.38528425,83,16,1.0,32,,True,fixed_hash,1,0,16,Route,3.707987800007686,11425.8227547039,2285.16455094078,1,51,3344c0c3c0c9b70bc2c9ecb9b0b1665cf3cc67c01f47d150d7a2cee978833f87,mixed,45,20260912T111920180898Z-s21001-G-fa6dae07,uniform,42563ab033d27c4df396f6d327c245af840f08be472448265f26beb53e1f6dbd,21001,b379d90fb1e232938e67d0444cdd77a5ca987baa8ec1ec4e639524a0b7d6ab84,2886.164548,RouteOrder,7c61cba261b6c1f96d32ec131e22c54c39d8a742f4c25f2bad4d4a349c554c54
87,435,,True,180.44241275,82,16,1.0,32,,True,fixed_hash,8,0,16,Optical,3.8998218000051565,11420.393028996923,2284.0786057993846,2,54,3344c0c3c0c9b70bc2c9ecb9b0b1665cf3cc67c01f47d150d7a2cee978833f87,mixed,47,20260912T111920126096Z-s21001-G-fe33edfb,uniform,42563ab033d27c4df396f6d327c245af840f08be472448265f26beb53e1f6dbd,21001,b379d90fb1e232938e67d0444cdd77a5ca987baa8ec1ec4e639524a0b7d6ab84,2887.078604,Optical,e92bab2eef9ee23dc696cd258d4c433a2e100841b6992ef174c34ae7b9756e4f
87,435,,True,180.44241275,82,16,1.0,32,,True,fixed_hash,8,0,16,Optical,3.9378548999957275,11420.393028996923,2284.0786057993846,2,54,3344c0c3c0c9b70bc2c9ecb9b0b1665cf3cc67c01f47d150d7a2cee978833f87,mixed,47,20260912T111920144336Z-s21001-G-8d388dba,uniform,42563ab033d27c4df396f6d327c245af840f08be472448265f26beb53e1f6dbd,21001,b379d90fb1e232938e67d0444cdd77a5ca987baa8ec1ec4e639524a0b7d6ab84,2887.078604,OpticalRisk,3102d80144d068104997756caf0de4648c1aeadef8f0b77777bdbb218c7905fc
89,445,,True,181.7252046875,82,16,1.0,32,,True,fixed_hash,0,0,16,Future,4.270440000007511,11488.016379303244,2297.603275860649,1,51,3344c0c3c0c9b70bc2c9ecb9b0b1665cf3cc67c01f47d150d7a2cee978833f87,mixed,47,20260912T111920157845Z-s21001-G-814edb00,uniform,42563ab033d27c4df396f6d327c245af840f08be472448265f26beb53e1f6dbd,21001,b379d90fb1e232938e67d0444cdd77a5ca987baa8ec1ec4e639524a0b7d6ab84,2907.603275,FutureRoute,0414f01a1f13ed58eb3a541389f2561a33062003b4baa3ce0e24792a7f2018b6
89,445,,True,182.2141074375,83,16,1.0,32,,True,fixed_hash,0,0,16,Future,4.311437500000466,11522.12859834859,2304.425719669718,1,51,3344c0c3c0c9b70bc2c9ecb9b0b1665cf3cc67c01f47d150d7a2cee978833f87,mixed,47,20260912T111920150666Z-s21001-G-d34c0f6f,uniform,42563ab033d27c4df396f6d327c245af840f08be472448265f26beb53e1f6dbd,21001,b379d90fb1e232938e67d0444cdd77a5ca987baa8ec1ec4e639524a0b7d6ab84,2915.425719,FutureAnchor,647c7e229ba59fae93958e3e8163c8df0930392c823c3a96e07fa684dc474c39
109,545,,True,244.64654061538462,104,13,1.0,26,,True,fixed_hash,0,0,13,Gplus,4.220752100009122,12302.025159093377,2460.4050318186755,2,45,3344c0c3c0c9b70bc2c9ecb9b0b1665cf3cc67c01f47d150d7a2cee978833f87,mixed,40,20260912T111923847453Z-s21002-G-be7d3aa6,uniform,61066ee21e6f607338b084c7154c25c363676be6e4440145c6b1d13398ac5f0a,21002,b379d90fb1e232938e67d0444cdd77a5ca987baa8ec1ec4e639524a0b7d6ab84,3180.405028,Gplus,8415bde2ec5df89a72a65911c0bfd8a7d5ad306da146f80eb7207232f2cd0f4f
108,540,,True,244.06148753846153,105,13,1.0,26,,True,fixed_hash,15,0,13,Optical,4.610271700003068,12268.99670135282,2453.7993402705642,3,48,3344c0c3c0c9b70bc2c9ecb9b0b1665cf3cc67c01f47d150d7a2cee978833f87,mixed,42,20260912T111924012733Z-s21002-G-5a5b9c04,uniform,61066ee21e6f607338b084c7154c25c363676be6e4440145c6b1d13398ac5f0a,21002,b379d90fb1e232938e67d0444cdd77a5ca987baa8ec1ec4e639524a0b7d6ab84,3172.799338,Optical,e92bab2eef9ee23dc696cd258d4c433a2e100841b6992ef174c34ae7b9756e4f
108,540,,True,243.97147161538462,105,13,1.0,26,,True,fixed_hash,15,0,13,Optical,4.639688399998704,12263.145664371597,2452.6291328743196,3,48,3344c0c3c0c9b70bc2c9ecb9b0b1665cf3cc67c01f47d150d7a2cee978833f87,mixed,42,20260912T111924147791Z-s21002-G-41db67be,uniform,61066ee21e6f607338b084c7154c25c363676be6e4440145c6b1d13398ac5f0a,21002,b379d90fb1e232938e67d0444cdd77a5ca987baa8ec1ec4e639524a0b7d6ab84,3171.629131,OpticalRisk,3102d80144d068104997756caf0de4648c1aeadef8f0b77777bdbb218c7905fc
109,545,,True,244.64654061538462,104,13,1.0,26,,True,fixed_hash,0,0,13,Route,4.225315400006366,12302.025159093377,2460.4050318186755,2,45,3344c0c3c0c9b70bc2c9ecb9b0b1665cf3cc67c01f47d150d7a2cee978833f87,mixed,40,20260912T111924591685Z-s21002-G-3ad72645,uniform,61066ee21e6f607338b084c7154c25c363676be6e4440145c6b1d13398ac5f0a,21002,b379d90fb1e232938e67d0444cdd77a5ca987baa8ec1ec4e639524a0b7d6ab84,3180.405028,RouteOrder,7c61cba261b6c1f96d32ec131e22c54c39d8a742f4c25f2bad4d4a349c554c54
114,570,,True,241.3686613846154,107,13,1.0,26,,True,fixed_hash,0,0,13,Future,5.258588600001531,11963.963009415216,2392.792601883043,1,42,3344c0c3c0c9b70bc2c9ecb9b0b1665cf3cc67c01f47d150d7a2cee978833f87,mixed,45,20260912T111924203242Z-s21002-G-577ce0a3,uniform,61066ee21e6f607338b084c7154c25c363676be6e4440145c6b1d13398ac5f0a,21002,b379d90fb1e232938e67d0444cdd77a5ca987baa8ec1ec4e639524a0b7d6ab84,3137.792598,FutureAnchor,647c7e229ba59fae93958e3e8163c8df0930392c823c3a96e07fa684dc474c39
114,570,,True,241.3686613846154,107,13,1.0,26,,True,fixed_hash,0,0,13,Future,5.336072199992486,11963.963009415216,2392.792601883043,1,42,3344c0c3c0c9b70bc2c9ecb9b0b1665cf3cc67c01f47d150d7a2cee978833f87,mixed,45,20260912T111924555895Z-s21002-G-0cda176e,uniform,61066ee21e6f607338b084c7154c25c363676be6e4440145c6b1d13398ac5f0a,21002,b379d90fb1e232938e67d0444cdd77a5ca987baa8ec1ec4e639524a0b7d6ab84,3137.792598,FutureRoute,0414f01a1f13ed58eb3a541389f2561a33062003b4baa3ce0e24792a7f2018b6
107,535,,True,235.7082486923077,100,13,1.0,26,,True,fixed_hash,0,0,13,Gplus,3.462378800002625,11821.036161147822,2364.2072322295644,0,39,3344c0c3c0c9b70bc2c9ecb9b0b1665cf3cc67c01f47d150d7a2cee978833f87,mixed,38,20260912T111928199932Z-s21003-G-a798accc,uniform,b51fdb100df625facd4a2c1be425b07fa2153e14dc158c2891ca508df34702dd,21003,b379d90fb1e232938e67d0444cdd77a5ca987baa8ec1ec4e639524a0b7d6ab84,3064.207233,Gplus,8415bde2ec5df89a72a65911c0bfd8a7d5ad306da146f80eb7207232f2cd0f4f
108,540,,True,234.99195515384616,99,13,1.0,26,,True,fixed_hash,10,0,13,Optical,4.238574399991194,11754.477083749349,2350.8954167498696,0,39,3344c0c3c0c9b70bc2c9ecb9b0b1665cf3cc67c01f47d150d7a2cee978833f87,mixed,39,20260912T111928762652Z-s21003-G-fd3d57c1,uniform,b51fdb100df625facd4a2c1be425b07fa2153e14dc158c2891ca508df34702dd,21003,b379d90fb1e232938e67d0444cdd77a5ca987baa8ec1ec4e639524a0b7d6ab84,3054.895417,Optical,e92bab2eef9ee23dc696cd258d4c433a2e100841b6992ef174c34ae7b9756e4f
108,540,,True,234.99195515384616,99,13,1.0,26,,True,fixed_hash,10,0,13,Optical,4.222546600009082,11754.477083749349,2350.8954167498696,0,39,3344c0c3c0c9b70bc2c9ecb9b0b1665cf3cc67c01f47d150d7a2cee978833f87,mixed,39,20260912T111928918923Z-s21003-G-aab164ad,uniform,b51fdb100df625facd4a2c1be425b07fa2153e14dc158c2891ca508df34702dd,21003,b379d90fb1e232938e67d0444cdd77a5ca987baa8ec1ec4e639524a0b7d6ab84,3054.895417,OpticalRisk,3102d80144d068104997756caf0de4648c1aeadef8f0b77777bdbb218c7905fc
110,550,,True,250.9339206923077,102,13,1.0,26,,True,fixed_hash,0,0,13,Future,4.350170299992897,12725.704833263504,2545.1409666527006,0,39,3344c0c3c0c9b70bc2c9ecb9b0b1665cf3cc67c01f47d150d7a2cee978833f87,mixed,41,20260912T111928948831Z-s21003-G-03b71cdc,uniform,b51fdb100df625facd4a2c1be425b07fa2153e14dc158c2891ca508df34702dd,21003,b379d90fb1e232938e67d0444cdd77a5ca987baa8ec1ec4e639524a0b7d6ab84,3262.140969,FutureAnchor,647c7e229ba59fae93958e3e8163c8df0930392c823c3a96e07fa684dc474c39
107,535,,True,235.7082486923077,100,13,1.0,26,,True,fixed_hash,0,0,13,Route,3.7181803999992553,11821.036161147822,2364.2072322295644,0,39,3344c0c3c0c9b70bc2c9ecb9b0b1665cf3cc67c01f47d150d7a2cee978833f87,mixed,38,20260912T111930014115Z-s21003-G-c8cb0fc0,uniform,b51fdb100df625facd4a2c1be425b07fa2153e14dc158c2891ca508df34702dd,21003,b379d90fb1e232938e67d0444cdd77a5ca987baa8ec1ec4e639524a0b7d6ab84,3064.207233,RouteOrder,7c61cba261b6c1f96d32ec131e22c54c39d8a742f4c25f2bad4d4a349c554c54
110,550,,True,250.9339206923077,102,13,1.0,26,,True,fixed_hash,0,0,13,Future,4.338068299999577,12725.704833263504,2545.1409666527006,0,39,3344c0c3c0c9b70bc2c9ecb9b0b1665cf3cc67c01f47d150d7a2cee978833f87,mixed,41,20260912T111929594197Z-s21003-G-631ca40e,uniform,b51fdb100df625facd4a2c1be425b07fa2153e14dc158c2891ca508df34702dd,21003,b379d90fb1e232938e67d0444cdd77a5ca987baa8ec1ec4e639524a0b7d6ab84,3262.140969,FutureRoute,0414f01a1f13ed58eb3a541389f2561a33062003b4baa3ce0e24792a7f2018b6
90,450,,True,195.0071914375,86,16,1.0,32,,True,fixed_hash,0,0,16,Gplus,3.6020825000014156,12520.57531563844,2504.115063127688,0,48,3344c0c3c0c9b70bc2c9ecb9b0b1665cf3cc67c01f47d150d7a2cee978833f87,mixed,50,20260912T111931789562Z-s21004-G-095fb55e,uniform,2ebedc7037671cdac7be9d33edf908f006fb277981d1f054e20cd1166d16febf,21004,b379d90fb1e232938e67d0444cdd77a5ca987baa8ec1ec4e639524a0b7d6ab84,3120.115063,Gplus,8415bde2ec5df89a72a65911c0bfd8a7d5ad306da146f80eb7207232f2cd0f4f
90,450,,True,195.688619375,86,16,1.0,32,,True,fixed_hash,5,0,16,Optical,3.706132699997397,12560.08954024568,2512.017908049136,1,51,3344c0c3c0c9b70bc2c9ecb9b0b1665cf3cc67c01f47d150d7a2cee978833f87,mixed,51,20260912T111933129853Z-s21004-G-73597591,uniform,2ebedc7037671cdac7be9d33edf908f006fb277981d1f054e20cd1166d16febf,21004,b379d90fb1e232938e67d0444cdd77a5ca987baa8ec1ec4e639524a0b7d6ab84,3131.01791,Optical,e92bab2eef9ee23dc696cd258d4c433a2e100841b6992ef174c34ae7b9756e4f
90,450,,True,195.688619375,86,16,1.0,32,,True,fixed_hash,5,0,16,Optical,3.9481943999999203,12560.08954024568,2512.017908049136,1,51,3344c0c3c0c9b70bc2c9ecb9b0b1665cf3cc67c01f47d150d7a2cee978833f87,mixed,51,20260912T111933275697Z-s21004-G-894a66a8,uniform,2ebedc7037671cdac7be9d33edf908f006fb277981d1f054e20cd1166d16febf,21004,b379d90fb1e232938e67d0444cdd77a5ca987baa8ec1ec4e639524a0b7d6ab84,3131.01791,OpticalRisk,3102d80144d068104997756caf0de4648c1aeadef8f0b77777bdbb218c7905fc
90,450,,True,190.490652125,85,16,1.0,32,,True,fixed_hash,1,0,16,Route,3.7407304999942426,12164.252152033629,2432.8504304067255,0,48,3344c0c3c0c9b70bc2c9ecb9b0b1665cf3cc67c01f47d150d7a2cee978833f87,mixed,50,20260912T111934068628Z-s21004-G-5e0032cb,uniform,2ebedc7037671cdac7be9d33edf908f006fb277981d1f054e20cd1166d16febf,21004,b379d90fb1e232938e67d0444cdd77a5ca987baa8ec1ec4e639524a0b7d6ab84,3047.850434,RouteOrder,7c61cba261b6c1f96d32ec131e22c54c39d8a742f4c25f2bad4d4a349c554c54
93,465,,True,198.0480751875,89,16,1.0,32,,True,fixed_hash,0,0,16,Future,4.4541849000088405,12673.846010200281,2534.7692020400564,0,48,3344c0c3c0c9b70bc2c9ecb9b0b1665cf3cc67c01f47d150d7a2cee978833f87,mixed,53,20260912T111933454718Z-s21004-G-4f6f2fa7,uniform,2ebedc7037671cdac7be9d33edf908f006fb277981d1f054e20cd1166d16febf,21004,b379d90fb1e232938e67d0444cdd77a5ca987baa8ec1ec4e639524a0b7d6ab84,3168.769203,FutureAnchor,647c7e229ba59fae93958e3e8163c8df0930392c823c3a96e07fa684dc474c39
93,465,,True,199.2636531875,89,16,1.0,32,,True,fixed_hash,0,0,16,Future,4.339187599995057,12771.092251817554,2554.218450363511,0,48,3344c0c3c0c9b70bc2c9ecb9b0b1665cf3cc67c01f47d150d7a2cee978833f87,mixed,53,20260912T111933858063Z-s21004-G-32bf58f5,uniform,2ebedc7037671cdac7be9d33edf908f006fb277981d1f054e20cd1166d16febf,21004,b379d90fb1e232938e67d0444cdd77a5ca987baa8ec1ec4e639524a0b7d6ab84,3188.218451,FutureRoute,0414f01a1f13ed58eb3a541389f2561a33062003b4baa3ce0e24792a7f2018b6
113,565,,True,215.67364293333333,110,15,1.0,30,,True,fixed_hash,0,0,15,Gplus,4.8833435000124155,12425.523211725196,2485.1046423450393,0,45,3344c0c3c0c9b70bc2c9ecb9b0b1665cf3cc67c01f47d150d7a2cee978833f87,mixed,39,20260912T111935520665Z-s21005-G-164d0403,uniform,52caa501e44c7b0a5726b1291cd8e8224efe15c15e5e2ea1ccbb1eb2e01677b1,21005,b379d90fb1e232938e67d0444cdd77a5ca987baa8ec1ec4e639524a0b7d6ab84,3235.104644,Gplus,8415bde2ec5df89a72a65911c0bfd8a7d5ad306da146f80eb7207232f2cd0f4f
113,565,,True,215.29605833333332,110,15,1.0,30,,True,fixed_hash,6,0,15,Optical,5.980794299990521,12397.204369520045,2479.440873904009,0,45,3344c0c3c0c9b70bc2c9ecb9b0b1665cf3cc67c01f47d150d7a2cee978833f87,mixed,39,20260912T111937007569Z-s21005-G-14d57d3f,uniform,52caa501e44c7b0a5726b1291cd8e8224efe15c15e5e2ea1ccbb1eb2e01677b1,21005,b379d90fb1e232938e67d0444cdd77a5ca987baa8ec1ec4e639524a0b7d6ab84,3229.440875,Optical,e92bab2eef9ee23dc696cd258d4c433a2e100841b6992ef174c34ae7b9756e4f
113,565,,True,215.29605833333332,110,15,1.0,30,,True,fixed_hash,6,0,15,Optical,6.381464100006269,12397.204369520045,2479.440873904009,0,45,3344c0c3c0c9b70bc2c9ecb9b0b1665cf3cc67c01f47d150d7a2cee978833f87,mixed,39,20260912T111937401411Z-s21005-G-539a2dad,uniform,52caa501e44c7b0a5726b1291cd8e8224efe15c15e5e2ea1ccbb1eb2e01677b1,21005,b379d90fb1e232938e67d0444cdd77a5ca987baa8ec1ec4e639524a0b7d6ab84,3229.440875,OpticalRisk,3102d80144d068104997756caf0de4648c1aeadef8f0b77777bdbb218c7905fc
114,570,,True,211.5498168,108,15,1.0,30,,True,fixed_hash,0,0,15,Future,6.918392899999162,12101.236258101764,2420.247251620353,0,45,3344c0c3c0c9b70bc2c9ecb9b0b1665cf3cc67c01f47d150d7a2cee978833f87,mixed,40,20260912T111937944897Z-s21005-G-7c7ecadf,uniform,52caa501e44c7b0a5726b1291cd8e8224efe15c15e5e2ea1ccbb1eb2e01677b1,21005,b379d90fb1e232938e67d0444cdd77a5ca987baa8ec1ec4e639524a0b7d6ab84,3173.247252,FutureAnchor,647c7e229ba59fae93958e3e8163c8df0930392c823c3a96e07fa684dc474c39
113,565,,True,215.67364293333333,110,15,1.0,30,,True,fixed_hash,0,0,15,Route,6.56680950000009,12425.523211725196,2485.1046423450393,0,45,3344c0c3c0c9b70bc2c9ecb9b0b1665cf3cc67c01f47d150d7a2cee978833f87,mixed,39,20260912T111938324939Z-s21005-G-14d0767e,uniform,52caa501e44c7b0a5726b1291cd8e8224efe15c15e5e2ea1ccbb1eb2e01677b1,21005,b379d90fb1e232938e67d0444cdd77a5ca987baa8ec1ec4e639524a0b7d6ab84,3235.104644,RouteOrder,7c61cba261b6c1f96d32ec131e22c54c39d8a742f4c25f2bad4d4a349c554c54
114,570,,True,211.5498168,108,15,1.0,30,,True,fixed_hash,0,0,15,Future,6.879163100005826,12101.236258101764,2420.247251620353,0,45,3344c0c3c0c9b70bc2c9ecb9b0b1665cf3cc67c01f47d150d7a2cee978833f87,mixed,40,20260912T111938032219Z-s21005-G-10bc18b8,uniform,52caa501e44c7b0a5726b1291cd8e8224efe15c15e5e2ea1ccbb1eb2e01677b1,21005,b379d90fb1e232938e67d0444cdd77a5ca987baa8ec1ec4e639524a0b7d6ab84,3173.247252,FutureRoute,0414f01a1f13ed58eb3a541389f2561a33062003b4baa3ce0e24792a7f2018b6
116,580,,True,279.9329371,109,10,1.0,20,,True,fixed_hash,0,0,10,Gplus,7.4769454000052065,10271.646845204932,2054.3293690409864,2,36,3344c0c3c0c9b70bc2c9ecb9b0b1665cf3cc67c01f47d150d7a2cee978833f87,mixed,37,20260912T111940590996Z-s21006-G-acb498f6,uniform,fb18e4673584306b7308140c6098a6dddad17579ea8524767e566d02e3984caa,21006,b379d90fb1e232938e67d0444cdd77a5ca987baa8ec1ec4e639524a0b7d6ab84,2799.329371,Gplus,8415bde2ec5df89a72a65911c0bfd8a7d5ad306da146f80eb7207232f2cd0f4f
114,570,,True,278.6520145,109,10,1.0,20,,True,fixed_hash,12,0,10,Optical,7.600372700006119,10257.600723207963,2051.5201446415927,2,36,3344c0c3c0c9b70bc2c9ecb9b0b1665cf3cc67c01f47d150d7a2cee978833f87,mixed,37,20260912T111943216942Z-s21006-G-92a2f30b,uniform,fb18e4673584306b7308140c6098a6dddad17579ea8524767e566d02e3984caa,21006,b379d90fb1e232938e67d0444cdd77a5ca987baa8ec1ec4e639524a0b7d6ab84,2786.520145,Optical,e92bab2eef9ee23dc696cd258d4c433a2e100841b6992ef174c34ae7b9756e4f
114,570,,True,278.6520145,109,10,1.0,20,,True,fixed_hash,12,0,10,Optical,7.687626399987494,10257.600723207963,2051.5201446415927,2,36,3344c0c3c0c9b70bc2c9ecb9b0b1665cf3cc67c01f47d150d7a2cee978833f87,mixed,37,20260912T111943977284Z-s21006-G-1509f188,uniform,fb18e4673584306b7308140c6098a6dddad17579ea8524767e566d02e3984caa,21006,b379d90fb1e232938e67d0444cdd77a5ca987baa8ec1ec4e639524a0b7d6ab84,2786.520145,OpticalRisk,3102d80144d068104997756caf0de4648c1aeadef8f0b77777bdbb218c7905fc
116,580,,True,279.9329371,109,10,1.0,20,,True,fixed_hash,0,0,10,Route,7.301593299998785,10271.646845204932,2054.3293690409864,2,36,3344c0c3c0c9b70bc2c9ecb9b0b1665cf3cc67c01f47d150d7a2cee978833f87,mixed,37,20260912T111945109510Z-s21006-G-46b613ad,uniform,fb18e4673584306b7308140c6098a6dddad17579ea8524767e566d02e3984caa,21006,b379d90fb1e232938e67d0444cdd77a5ca987baa8ec1ec4e639524a0b7d6ab84,2799.329371,RouteOrder,7c61cba261b6c1f96d32ec131e22c54c39d8a742f4c25f2bad4d4a349c554c54
116,580,,True,266.2704067,112,10,1.0,20,,True,fixed_hash,0,0,10,Gplus,4.807935199991334,9603.52034096403,1920.704068192806,0,30,3344c0c3c0c9b70bc2c9ecb9b0b1665cf3cc67c01f47d150d7a2cee978833f87,mixed,27,20260912T111948307301Z-s21007-G-93718c65,uniform,5848480a90db9d2aff805f0c74e28c80973319f0d81ccbd2329b558d40aeb4cd,21007,b379d90fb1e232938e67d0444cdd77a5ca987baa8ec1ec4e639524a0b7d6ab84,2662.704067,Gplus,8415bde2ec5df89a72a65911c0bfd8a7d5ad306da146f80eb7207232f2cd0f4f
114,570,,True,274.80391679999997,106,10,1.0,20,,True,fixed_hash,0,0,10,Future,8.095319499989273,10110.195844958005,2022.039168991601,0,30,3344c0c3c0c9b70bc2c9ecb9b0b1665cf3cc67c01f47d150d7a2cee978833f87,mixed,35,20260912T111945093078Z-s21006-G-b8470757,uniform,fb18e4673584306b7308140c6098a6dddad17579ea8524767e566d02e3984caa,21006,b379d90fb1e232938e67d0444cdd77a5ca987baa8ec1ec4e639524a0b7d6ab84,2748.039168,FutureRoute,0414f01a1f13ed58eb3a541389f2561a33062003b4baa3ce0e24792a7f2018b6
114,570,,True,274.80391679999997,106,10,1.0,20,,True,fixed_hash,0,0,10,Future,8.107791800008272,10110.195844958005,2022.039168991601,0,30,3344c0c3c0c9b70bc2c9ecb9b0b1665cf3cc67c01f47d150d7a2cee978833f87,mixed,35,20260912T111945084228Z-s21006-G-0009f392,uniform,fb18e4673584306b7308140c6098a6dddad17579ea8524767e566d02e3984caa,21006,b379d90fb1e232938e67d0444cdd77a5ca987baa8ec1ec4e639524a0b7d6ab84,2748.039168,FutureAnchor,647c7e229ba59fae93958e3e8163c8df0930392c823c3a96e07fa684dc474c39
116,580,,True,265.7157491,112,10,1.0,20,,True,fixed_hash,10,0,10,Optical,5.902416600001743,9575.787458230023,1915.1574916460045,0,30,3344c0c3c0c9b70bc2c9ecb9b0b1665cf3cc67c01f47d150d7a2cee978833f87,mixed,27,20260912T111951087640Z-s21007-G-3c413c39,uniform,5848480a90db9d2aff805f0c74e28c80973319f0d81ccbd2329b558d40aeb4cd,21007,b379d90fb1e232938e67d0444cdd77a5ca987baa8ec1ec4e639524a0b7d6ab84,2657.157491,Optical,e92bab2eef9ee23dc696cd258d4c433a2e100841b6992ef174c34ae7b9756e4f
116,580,,True,265.7157491,112,10,1.0,20,,True,fixed_hash,10,0,10,Optical,5.796539599992684,9575.787458230023,1915.1574916460045,0,30,3344c0c3c0c9b70bc2c9ecb9b0b1665cf3cc67c01f47d150d7a2cee978833f87,mixed,27,20260912T111951906418Z-s21007-G-f395ba4c,uniform,5848480a90db9d2aff805f0c74e28c80973319f0d81ccbd2329b558d40aeb4cd,21007,b379d90fb1e232938e67d0444cdd77a5ca987baa8ec1ec4e639524a0b7d6ab84,2657.157491,OpticalRisk,3102d80144d068104997756caf0de4648c1aeadef8f0b77777bdbb218c7905fc
117,585,,True,266.18844079999997,113,10,1.0,20,,True,fixed_hash,0,0,10,Future,5.665677099997993,9569.42203486364,1913.8844069727281,0,30,3344c0c3c0c9b70bc2c9ecb9b0b1665cf3cc67c01f47d150d7a2cee978833f87,mixed,28,20260912T111952696250Z-s21007-G-f97b4447,uniform,5848480a90db9d2aff805f0c74e28c80973319f0d81ccbd2329b558d40aeb4cd,21007,b379d90fb1e232938e67d0444cdd77a5ca987baa8ec1ec4e639524a0b7d6ab84,2661.884408,FutureAnchor,647c7e229ba59fae93958e3e8163c8df0930392c823c3a96e07fa684dc474c39
116,580,,True,266.2704067,112,10,1.0,20,,True,fixed_hash,0,0,10,Route,4.986450999989756,9603.52034096403,1920.704068192806,0,30,3344c0c3c0c9b70bc2c9ecb9b0b1665cf3cc67c01f47d150d7a2cee978833f87,mixed,27,20260912T111953439154Z-s21007-G-489be098,uniform,5848480a90db9d2aff805f0c74e28c80973319f0d81ccbd2329b558d40aeb4cd,21007,b379d90fb1e232938e67d0444cdd77a5ca987baa8ec1ec4e639524a0b7d6ab84,2662.704067,RouteOrder,7c61cba261b6c1f96d32ec131e22c54c39d8a742f4c25f2bad4d4a349c554c54
117,585,,True,266.18844079999997,113,10,1.0,20,,True,fixed_hash,0,0,10,Future,5.551065799998469,9569.42203486364,1913.8844069727281,0,30,3344c0c3c0c9b70bc2c9ecb9b0b1665cf3cc67c01f47d150d7a2cee978833f87,mixed,28,20260912T111953359407Z-s21007-G-960e4a90,uniform,5848480a90db9d2aff805f0c74e28c80973319f0d81ccbd2329b558d40aeb4cd,21007,b379d90fb1e232938e67d0444cdd77a5ca987baa8ec1ec4e639524a0b7d6ab84,2661.884408,FutureRoute,0414f01a1f13ed58eb3a541389f2561a33062003b4baa3ce0e24792a7f2018b6
104,520,,True,204.6865032,99,15,1.0,30,,True,fixed_hash,0,0,15,Gplus,6.546448599998257,11881.487739716791,2376.297547943358,0,45,3344c0c3c0c9b70bc2c9ecb9b0b1665cf3cc67c01f47d150d7a2cee978833f87,mixed,48,20260912T111953450190Z-s21008-G-b1bf4356,uniform,1a2bfc58de3a7a145efe95a4ba8be67178ba5b0bbdbf83402b8a9997428a73e2,21008,b379d90fb1e232938e67d0444cdd77a5ca987baa8ec1ec4e639524a0b7d6ab84,3070.297548,Gplus,8415bde2ec5df89a72a65911c0bfd8a7d5ad306da146f80eb7207232f2cd0f4f
104,520,,True,205.33867673333333,99,15,1.0,30,,True,fixed_hash,10,0,15,Optical,6.950439899999765,11900.40074801245,2380.0801496024897,2,51,3344c0c3c0c9b70bc2c9ecb9b0b1665cf3cc67c01f47d150d7a2cee978833f87,mixed,50,20260912T111957274040Z-s21008-G-79c947bf,uniform,1a2bfc58de3a7a145efe95a4ba8be67178ba5b0bbdbf83402b8a9997428a73e2,21008,b379d90fb1e232938e67d0444cdd77a5ca987baa8ec1ec4e639524a0b7d6ab84,3080.080151,Optical,e92bab2eef9ee23dc696cd258d4c433a2e100841b6992ef174c34ae7b9756e4f
100,500,,True,230.77772208333332,96,12,1.0,24,,True,fixed_hash,0,0,12,Gplus,4.487320800006273,10566.663328899293,2113.3326657798584,0,36,3344c0c3c0c9b70bc2c9ecb9b0b1665cf3cc67c01f47d150d7a2cee978833f87,mixed,36,20260912T112000238474Z-s21009-G-0d21a219,uniform,74384c74912cb1b6c6a5a45d243205d335781a11784cf32a796d294762511fe6,21009,b379d90fb1e232938e67d0444cdd77a5ca987baa8ec1ec4e639524a0b7d6ab84,2769.332665,Gplus,8415bde2ec5df89a72a65911c0bfd8a7d5ad306da146f80eb7207232f2cd0f4f
104,520,,True,205.33867673333333,99,15,1.0,30,,True,fixed_hash,10,0,15,Optical,7.058277899996028,11900.40074801245,2380.0801496024897,2,51,3344c0c3c0c9b70bc2c9ecb9b0b1665cf3cc67c01f47d150d7a2cee978833f87,mixed,50,20260912T111957948553Z-s21008-G-50bac437,uniform,1a2bfc58de3a7a145efe95a4ba8be67178ba5b0bbdbf83402b8a9997428a73e2,21008,b379d90fb1e232938e67d0444cdd77a5ca987baa8ec1ec4e639524a0b7d6ab84,3080.080151,OpticalRisk,3102d80144d068104997756caf0de4648c1aeadef8f0b77777bdbb218c7905fc
104,520,,True,204.6865032,99,15,1.0,30,,True,fixed_hash,0,0,15,Route,6.441428200007067,11881.487739716791,2376.297547943358,0,45,3344c0c3c0c9b70bc2c9ecb9b0b1665cf3cc67c01f47d150d7a2cee978833f87,mixed,48,20260912T111959148000Z-s21008-G-d48ef79d,uniform,1a2bfc58de3a7a145efe95a4ba8be67178ba5b0bbdbf83402b8a9997428a73e2,21008,b379d90fb1e232938e67d0444cdd77a5ca987baa8ec1ec4e639524a0b7d6ab84,3070.297548,RouteOrder,7c61cba261b6c1f96d32ec131e22c54c39d8a742f4c25f2bad4d4a349c554c54
108,540,,True,206.09581766666668,97,15,1.0,30,,True,fixed_hash,0,0,15,Future,9.533016000001226,11882.186333735013,2376.4372667470025,1,48,3344c0c3c0c9b70bc2c9ecb9b0b1665cf3cc67c01f47d150d7a2cee978833f87,mixed,52,20260912T111958610717Z-s21008-G-3e0c3faf,uniform,1a2bfc58de3a7a145efe95a4ba8be67178ba5b0bbdbf83402b8a9997428a73e2,21008,b379d90fb1e232938e67d0444cdd77a5ca987baa8ec1ec4e639524a0b7d6ab84,3091.437265,FutureAnchor,647c7e229ba59fae93958e3e8163c8df0930392c823c3a96e07fa684dc474c39
108,540,,True,206.09581766666668,97,15,1.0,30,,True,fixed_hash,0,0,15,Future,9.739848700002767,11882.186333735013,2376.4372667470025,1,48,3344c0c3c0c9b70bc2c9ecb9b0b1665cf3cc67c01f47d150d7a2cee978833f87,mixed,52,20260912T111958670506Z-s21008-G-09595f94,uniform,1a2bfc58de3a7a145efe95a4ba8be67178ba5b0bbdbf83402b8a9997428a73e2,21008,b379d90fb1e232938e67d0444cdd77a5ca987baa8ec1ec4e639524a0b7d6ab84,3091.437265,FutureRoute,0414f01a1f13ed58eb3a541389f2561a33062003b4baa3ce0e24792a7f2018b6
100,500,,True,229.78095208333332,96,12,1.0,24,,True,fixed_hash,6,0,12,Optical,5.1721247999957995,10506.857132549478,2101.3714265098956,0,36,3344c0c3c0c9b70bc2c9ecb9b0b1665cf3cc67c01f47d150d7a2cee978833f87,mixed,36,20260912T112004507599Z-s21009-G-cb4ef36d,uniform,74384c74912cb1b6c6a5a45d243205d335781a11784cf32a796d294762511fe6,21009,b379d90fb1e232938e67d0444cdd77a5ca987baa8ec1ec4e639524a0b7d6ab84,2757.371425,Optical,e92bab2eef9ee23dc696cd258d4c433a2e100841b6992ef174c34ae7b9756e4f
100,500,,True,229.78095208333332,96,12,1.0,24,,True,fixed_hash,6,0,12,Optical,5.2856067000102485,10506.857132549478,2101.3714265098956,0,36,3344c0c3c0c9b70bc2c9ecb9b0b1665cf3cc67c01f47d150d7a2cee978833f87,mixed,36,20260912T112004994697Z-s21009-G-fe46283e,uniform,74384c74912cb1b6c6a5a45d243205d335781a11784cf32a796d294762511fe6,21009,b379d90fb1e232938e67d0444cdd77a5ca987baa8ec1ec4e639524a0b7d6ab84,2757.371425,OpticalRisk,3102d80144d068104997756caf0de4648c1aeadef8f0b77777bdbb218c7905fc
101,505,,True,230.04147875,96,12,1.0,24,,True,fixed_hash,0,0,12,Future,5.338601299998118,10497.488727303235,2099.497745460647,0,36,3344c0c3c0c9b70bc2c9ecb9b0b1665cf3cc67c01f47d150d7a2cee978833f87,mixed,37,20260912T112005227512Z-s21009-G-107b0e73,uniform,74384c74912cb1b6c6a5a45d243205d335781a11784cf32a796d294762511fe6,21009,b379d90fb1e232938e67d0444cdd77a5ca987baa8ec1ec4e639524a0b7d6ab84,2760.497745,FutureAnchor,647c7e229ba59fae93958e3e8163c8df0930392c823c3a96e07fa684dc474c39
101,505,,True,230.04147875,96,12,1.0,24,,True,fixed_hash,0,0,12,Future,5.546331899997313,10497.488727303235,2099.497745460647,0,36,3344c0c3c0c9b70bc2c9ecb9b0b1665cf3cc67c01f47d150d7a2cee978833f87,mixed,37,20260912T112005824637Z-s21009-G-0cd5b139,uniform,74384c74912cb1b6c6a5a45d243205d335781a11784cf32a796d294762511fe6,21009,b379d90fb1e232938e67d0444cdd77a5ca987baa8ec1ec4e639524a0b7d6ab84,2760.497745,FutureRoute,0414f01a1f13ed58eb3a541389f2561a33062003b4baa3ce0e24792a7f2018b6
100,500,,True,230.77772208333332,96,12,1.0,24,,True,fixed_hash,1,0,12,Route,4.882559299992863,10566.663328899293,2113.3326657798584,0,36,3344c0c3c0c9b70bc2c9ecb9b0b1665cf3cc67c01f47d150d7a2cee978833f87,mixed,36,20260912T112008404949Z-s21009-G-ee59e336,uniform,74384c74912cb1b6c6a5a45d243205d335781a11784cf32a796d294762511fe6,21009,b379d90fb1e232938e67d0444cdd77a5ca987baa8ec1ec4e639524a0b7d6ab84,2769.332665,RouteOrder,7c61cba261b6c1f96d32ec131e22c54c39d8a742f4c25f2bad4d4a349c554c54
111,555,,True,252.46677263636363,104,11,1.0,22,,True,fixed_hash,0,0,11,Gplus,7.293091200001072,10315.672486775535,2063.1344973551068,0,33,3344c0c3c0c9b70bc2c9ecb9b0b1665cf3cc67c01f47d150d7a2cee978833f87,mixed,37,20260912T112008640533Z-s21010-G-0869af14,uniform,b64c1187643e346b912002a7f12538ebda1f4dd8a80a82b6b7368f62b2fc8bb9,21010,b379d90fb1e232938e67d0444cdd77a5ca987baa8ec1ec4e639524a0b7d6ab84,2777.134499,Gplus,8415bde2ec5df89a72a65911c0bfd8a7d5ad306da146f80eb7207232f2cd0f4f
111,555,,True,252.0298577272727,104,11,1.0,22,,True,fixed_hash,4,0,11,Optical,7.61611719999928,10291.642166404687,2058.328433280937,0,33,3344c0c3c0c9b70bc2c9ecb9b0b1665cf3cc67c01f47d150d7a2cee978833f87,mixed,37,20260912T112009972618Z-s21010-G-4706a258,uniform,b64c1187643e346b912002a7f12538ebda1f4dd8a80a82b6b7368f62b2fc8bb9,21010,b379d90fb1e232938e67d0444cdd77a5ca987baa8ec1ec4e639524a0b7d6ab84,2772.328435,Optical,e92bab2eef9ee23dc696cd258d4c433a2e100841b6992ef174c34ae7b9756e4f
111,555,,True,252.0298577272727,104,11,1.0,22,,True,fixed_hash,4,0,11,Optical,7.506643800006714,10291.642166404687,2058.328433280937,0,33,3344c0c3c0c9b70bc2c9ecb9b0b1665cf3cc67c01f47d150d7a2cee978833f87,mixed,37,20260912T112010531438Z-s21010-G-2ef79e56,uniform,b64c1187643e346b912002a7f12538ebda1f4dd8a80a82b6b7368f62b2fc8bb9,21010,b379d90fb1e232938e67d0444cdd77a5ca987baa8ec1ec4e639524a0b7d6ab84,2772.328435,OpticalRisk,3102d80144d068104997756caf0de4648c1aeadef8f0b77777bdbb218c7905fc
112,560,,True,253.30726354545456,106,11,1.0,22,,True,fixed_hash,0,0,11,Future,7.722479100004421,10311.899493904342,2062.3798987808686,1,36,3344c0c3c0c9b70bc2c9ecb9b0b1665cf3cc67c01f47d150d7a2cee978833f87,mixed,38,20260912T112010796704Z-s21010-G-e3455f55,uniform,b64c1187643e346b912002a7f12538ebda1f4dd8a80a82b6b7368f62b2fc8bb9,21010,b379d90fb1e232938e67d0444cdd77a5ca987baa8ec1ec4e639524a0b7d6ab84,2786.379899,FutureAnchor,647c7e229ba59fae93958e3e8163c8df0930392c823c3a96e07fa684dc474c39
112,560,,True,253.30726354545456,106,11,1.0,22,,True,fixed_hash,0,0,11,Future,7.807996099989396,10311.899493904342,2062.3798987808686,1,36,3344c0c3c0c9b70bc2c9ecb9b0b1665cf3cc67c01f47d150d7a2cee978833f87,mixed,38,20260912T112011601921Z-s21010-G-9a5584ee,uniform,b64c1187643e346b912002a7f12538ebda1f4dd8a80a82b6b7368f62b2fc8bb9,21010,b379d90fb1e232938e67d0444cdd77a5ca987baa8ec1ec4e639524a0b7d6ab84,2786.379899,FutureRoute,0414f01a1f13ed58eb3a541389f2561a33062003b4baa3ce0e24792a7f2018b6
108,540,,True,244.57553800000002,102,11,1.0,22,,True,fixed_hash,1,0,11,Route,5.890752399995108,9951.654580594537,1990.3309161189075,1,36,3344c0c3c0c9b70bc2c9ecb9b0b1665cf3cc67c01f47d150d7a2cee978833f87,mixed,34,20260912T112013529410Z-s21010-G-3a3b606e,uniform,b64c1187643e346b912002a7f12538ebda1f4dd8a80a82b6b7368f62b2fc8bb9,21010,b379d90fb1e232938e67d0444cdd77a5ca987baa8ec1ec4e639524a0b7d6ab84,2690.330918,RouteOrder,7c61cba261b6c1f96d32ec131e22c54c39d8a742f4c25f2bad4d4a349c554c54
110,550,,True,215.13987166666666,107,12,1.0,24,,True,fixed_hash,0,0,12,Gplus,5.3259044000005815,9323.392305531856,1864.678461106371,0,36,3344c0c3c0c9b70bc2c9ecb9b0b1665cf3cc67c01f47d150d7a2cee978833f87,mixed,36,20260912T112016174076Z-s21011-G-bd7cc770,uniform,ba25e34926c2efd467c0208d8dcdfe0737a3b4ccfc4c7caed24fe0e72335551f,21011,b379d90fb1e232938e67d0444cdd77a5ca987baa8ec1ec4e639524a0b7d6ab84,2581.67846,Gplus,8415bde2ec5df89a72a65911c0bfd8a7d5ad306da146f80eb7207232f2cd0f4f
110,550,,True,214.91537108333333,107,12,1.0,24,,True,fixed_hash,4,0,12,Optical,5.832712500006892,9309.922266500125,1861.984453300025,0,36,3344c0c3c0c9b70bc2c9ecb9b0b1665cf3cc67c01f47d150d7a2cee978833f87,mixed,36,20260912T112017821504Z-s21011-G-99783fe0,uniform,ba25e34926c2efd467c0208d8dcdfe0737a3b4ccfc4c7caed24fe0e72335551f,21011,b379d90fb1e232938e67d0444cdd77a5ca987baa8ec1ec4e639524a0b7d6ab84,2578.984453,Optical,e92bab2eef9ee23dc696cd258d4c433a2e100841b6992ef174c34ae7b9756e4f
110,550,,True,214.91537108333333,107,12,1.0,24,,True,fixed_hash,4,0,12,Optical,5.698823900005664,9309.922266500125,1861.984453300025,0,36,3344c0c3c0c9b70bc2c9ecb9b0b1665cf3cc67c01f47d150d7a2cee978833f87,mixed,36,20260912T112018307800Z-s21011-G-13bbce3c,uniform,ba25e34926c2efd467c0208d8dcdfe0737a3b4ccfc4c7caed24fe0e72335551f,21011,b379d90fb1e232938e67d0444cdd77a5ca987baa8ec1ec4e639524a0b7d6ab84,2578.984453,OpticalRisk,3102d80144d068104997756caf0de4648c1aeadef8f0b77777bdbb218c7905fc
111,555,,True,215.627737,107,12,1.0,24,,True,fixed_hash,0,0,12,Future,6.306486200002837,9327.664219325517,1865.5328438651036,0,36,3344c0c3c0c9b70bc2c9ecb9b0b1665cf3cc67c01f47d150d7a2cee978833f87,mixed,37,20260912T112018778282Z-s21011-G-0699b0c3,uniform,ba25e34926c2efd467c0208d8dcdfe0737a3b4ccfc4c7caed24fe0e72335551f,21011,b379d90fb1e232938e67d0444cdd77a5ca987baa8ec1ec4e639524a0b7d6ab84,2587.532844,FutureAnchor,647c7e229ba59fae93958e3e8163c8df0930392c823c3a96e07fa684dc474c39
101,505,,True,219.35033083333335,97,12,1.0,24,,True,fixed_hash,1,0,12,Route,6.125470800005132,9851.019837246562,1970.2039674493124,0,36,3344c0c3c0c9b70bc2c9ecb9b0b1665cf3cc67c01f47d150d7a2cee978833f87,mixed,36,20260912T112019666028Z-s21011-G-df71c4b7,uniform,ba25e34926c2efd467c0208d8dcdfe0737a3b4ccfc4c7caed24fe0e72335551f,21011,b379d90fb1e232938e67d0444cdd77a5ca987baa8ec1ec4e639524a0b7d6ab84,2632.20397,RouteOrder,7c61cba261b6c1f96d32ec131e22c54c39d8a742f4c25f2bad4d4a349c554c54
111,555,,True,215.627737,107,12,1.0,24,,True,fixed_hash,0,0,12,Future,6.285407999996096,9327.664219325517,1865.5328438651036,0,36,3344c0c3c0c9b70bc2c9ecb9b0b1665cf3cc67c01f47d150d7a2cee978833f87,mixed,37,20260912T112019640444Z-s21011-G-1bc35c28,uniform,ba25e34926c2efd467c0208d8dcdfe0737a3b4ccfc4c7caed24fe0e72335551f,21011,b379d90fb1e232938e67d0444cdd77a5ca987baa8ec1ec4e639524a0b7d6ab84,2587.532844,FutureRoute,0414f01a1f13ed58eb3a541389f2561a33062003b4baa3ce0e24792a7f2018b6
97,485,,True,175.3340885,95,14,1.0,28,,True,fixed_hash,0,0,14,Gplus,4.567853600005037,9023.386190321926,1804.6772380643852,0,42,3344c0c3c0c9b70bc2c9ecb9b0b1665cf3cc67c01f47d150d7a2cee978833f87,mixed,40,20260912T112021728457Z-s21012-G-b6fcf784,uniform,7008833d083e24c9c90424421a14ff3057788a15cafdaceab0a7fa3d7cea5db7,21012,b379d90fb1e232938e67d0444cdd77a5ca987baa8ec1ec4e639524a0b7d6ab84,2454.677239,Gplus,8415bde2ec5df89a72a65911c0bfd8a7d5ad306da146f80eb7207232f2cd0f4f
97,485,,True,175.3340885,95,14,1.0,28,,True,fixed_hash,1,0,14,Optical,4.597268199999235,9023.386190321926,1804.6772380643852,0,42,3344c0c3c0c9b70bc2c9ecb9b0b1665cf3cc67c01f47d150d7a2cee978833f87,mixed,40,20260912T112023892412Z-s21012-G-b3f3d98b,uniform,7008833d083e24c9c90424421a14ff3057788a15cafdaceab0a7fa3d7cea5db7,21012,b379d90fb1e232938e67d0444cdd77a5ca987baa8ec1ec4e639524a0b7d6ab84,2454.677239,Optical,e92bab2eef9ee23dc696cd258d4c433a2e100841b6992ef174c34ae7b9756e4f
97,485,,True,175.27953342857145,95,14,1.0,28,,True,fixed_hash,2,0,14,Optical,4.636209499993129,9019.567337900904,1803.9134675801808,0,42,3344c0c3c0c9b70bc2c9ecb9b0b1665cf3cc67c01f47d150d7a2cee978833f87,mixed,40,20260912T112024287341Z-s21012-G-cb1375ba,uniform,7008833d083e24c9c90424421a14ff3057788a15cafdaceab0a7fa3d7cea5db7,21012,b379d90fb1e232938e67d0444cdd77a5ca987baa8ec1ec4e639524a0b7d6ab84,2453.913468,OpticalRisk,3102d80144d068104997756caf0de4648c1aeadef8f0b77777bdbb218c7905fc
98,490,,True,173.8304922142857,95,14,1.0,28,,True,fixed_hash,0,0,14,Future,4.927818299998762,8893.134455881656,1778.6268911763314,0,42,3344c0c3c0c9b70bc2c9ecb9b0b1665cf3cc67c01f47d150d7a2cee978833f87,mixed,41,20260912T112025334189Z-s21012-G-70efebad,uniform,7008833d083e24c9c90424421a14ff3057788a15cafdaceab0a7fa3d7cea5db7,21012,b379d90fb1e232938e67d0444cdd77a5ca987baa8ec1ec4e639524a0b7d6ab84,2433.626891,FutureAnchor,647c7e229ba59fae93958e3e8163c8df0930392c823c3a96e07fa684dc474c39
97,485,,True,175.3340885,95,14,1.0,28,,True,fixed_hash,0,0,14,Route,4.220777499998803,9023.386190321926,1804.6772380643852,0,42,3344c0c3c0c9b70bc2c9ecb9b0b1665cf3cc67c01f47d150d7a2cee978833f87,mixed,40,20260912T112026172114Z-s21012-G-d728d946,uniform,7008833d083e24c9c90424421a14ff3057788a15cafdaceab0a7fa3d7cea5db7,21012,b379d90fb1e232938e67d0444cdd77a5ca987baa8ec1ec4e639524a0b7d6ab84,2454.677239,RouteOrder,7c61cba261b6c1f96d32ec131e22c54c39d8a742f4c25f2bad4d4a349c554c54
98,490,,True,173.8304922142857,95,14,1.0,28,,True,fixed_hash,0,0,14,Future,5.092752900003688,8893.134455881656,1778.6268911763314,0,42,3344c0c3c0c9b70bc2c9ecb9b0b1665cf3cc67c01f47d150d7a2cee978833f87,mixed,41,20260912T112026021005Z-s21012-G-0ed186bf,uniform,7008833d083e24c9c90424421a14ff3057788a15cafdaceab0a7fa3d7cea5db7,21012,b379d90fb1e232938e67d0444cdd77a5ca987baa8ec1ec4e639524a0b7d6ab84,2433.626891,FutureRoute,0414f01a1f13ed58eb3a541389f2561a33062003b4baa3ce0e24792a7f2018b6
116,580,,True,260.56723,109,10,1.0,20,,True,fixed_hash,0,0,10,Gplus,5.6552472000039415,9318.361494626257,1863.6722989252514,1,33,3344c0c3c0c9b70bc2c9ecb9b0b1665cf3cc67c01f47d150d7a2cee978833f87,mixed,36,20260912T112026514013Z-s21013-G-d7e1fa12,uniform,4ef05467ddb3b92e8d719fa854d7772495688df8e72a4e0dcc80af6fcec29e6c,21013,b379d90fb1e232938e67d0444cdd77a5ca987baa8ec1ec4e639524a0b7d6ab84,2605.6723,Gplus,8415bde2ec5df89a72a65911c0bfd8a7d5ad306da146f80eb7207232f2cd0f4f
115,575,,True,259.0069899,109,10,1.0,20,,True,fixed_hash,8,0,10,Optical,5.786519600005704,9280.349494794396,1856.0698989588793,0,30,3344c0c3c0c9b70bc2c9ecb9b0b1665cf3cc67c01f47d150d7a2cee978833f87,mixed,35,20260912T112028718040Z-s21013-G-dc7e3084,uniform,4ef05467ddb3b92e8d719fa854d7772495688df8e72a4e0dcc80af6fcec29e6c,21013,b379d90fb1e232938e67d0444cdd77a5ca987baa8ec1ec4e639524a0b7d6ab84,2590.069899,Optical,e92bab2eef9ee23dc696cd258d4c433a2e100841b6992ef174c34ae7b9756e4f
115,575,,True,259.0069899,109,10,1.0,20,,True,fixed_hash,8,0,10,Optical,5.777967400004854,9280.349494794396,1856.0698989588793,0,30,3344c0c3c0c9b70bc2c9ecb9b0b1665cf3cc67c01f47d150d7a2cee978833f87,mixed,35,20260912T112029172945Z-s21013-G-9ace67dd,uniform,4ef05467ddb3b92e8d719fa854d7772495688df8e72a4e0dcc80af6fcec29e6c,21013,b379d90fb1e232938e67d0444cdd77a5ca987baa8ec1ec4e639524a0b7d6ab84,2590.069899,OpticalRisk,3102d80144d068104997756caf0de4648c1aeadef8f0b77777bdbb218c7905fc
118,590,,True,262.28631529999996,111,10,1.0,20,,True,fixed_hash,0,0,10,Future,6.323136199993314,9344.315769144981,1868.8631538289962,1,33,3344c0c3c0c9b70bc2c9ecb9b0b1665cf3cc67c01f47d150d7a2cee978833f87,mixed,38,20260912T112030509247Z-s21013-G-b3466b9f,uniform,4ef05467ddb3b92e8d719fa854d7772495688df8e72a4e0dcc80af6fcec29e6c,21013,b379d90fb1e232938e67d0444cdd77a5ca987baa8ec1ec4e639524a0b7d6ab84,2622.863153,FutureAnchor,647c7e229ba59fae93958e3e8163c8df0930392c823c3a96e07fa684dc474c39
116,580,,True,260.56723,109,10,1.0,20,,True,fixed_hash,0,0,10,Route,5.551533899997594,9318.361494626257,1863.6722989252514,1,33,3344c0c3c0c9b70bc2c9ecb9b0b1665cf3cc67c01f47d150d7a2cee978833f87,mixed,36,20260912T112031362171Z-s21013-G-58b23642,uniform,4ef05467ddb3b92e8d719fa854d7772495688df8e72a4e0dcc80af6fcec29e6c,21013,b379d90fb1e232938e67d0444cdd77a5ca987baa8ec1ec4e639524a0b7d6ab84,2605.6723,RouteOrder,7c61cba261b6c1f96d32ec131e22c54c39d8a742f4c25f2bad4d4a349c554c54
118,590,,True,262.28631529999996,111,10,1.0,20,,True,fixed_hash,0,0,10,Future,6.3663190999941435,9344.315769144981,1868.8631538289962,1,33,3344c0c3c0c9b70bc2c9ecb9b0b1665cf3cc67c01f47d150d7a2cee978833f87,mixed,38,20260912T112030630872Z-s21013-G-95cc0ffd,uniform,4ef05467ddb3b92e8d719fa854d7772495688df8e72a4e0dcc80af6fcec29e6c,21013,b379d90fb1e232938e67d0444cdd77a5ca987baa8ec1ec4e639524a0b7d6ab84,2622.863153,FutureRoute,0414f01a1f13ed58eb3a541389f2561a33062003b4baa3ce0e24792a7f2018b6
110,550,,True,245.05713833333334,101,12,1.0,24,,True,fixed_hash,0,0,12,Gplus,5.226257999995141,11148.42829584783,2229.685659169566,0,36,3344c0c3c0c9b70bc2c9ecb9b0b1665cf3cc67c01f47d150d7a2cee978833f87,mixed,38,20260912T112032397959Z-s21014-G-c3440772,uniform,06593fc0a05e70f1e9e5925ee869d4641f3443a291cb3ab6984bbf16b8c4b71d,21014,b379d90fb1e232938e67d0444cdd77a5ca987baa8ec1ec4e639524a0b7d6ab84,2940.68566,Gplus,8415bde2ec5df89a72a65911c0bfd8a7d5ad306da146f80eb7207232f2cd0f4f
110,550,,True,245.20633191666664,101,12,1.0,24,,True,fixed_hash,5,0,12,Optical,5.431038299997454,11142.37991029577,2228.475982059154,1,39,3344c0c3c0c9b70bc2c9ecb9b0b1665cf3cc67c01f47d150d7a2cee978833f87,mixed,39,20260912T112034735928Z-s21014-G-98bbdaf1,uniform,06593fc0a05e70f1e9e5925ee869d4641f3443a291cb3ab6984bbf16b8c4b71d,21014,b379d90fb1e232938e67d0444cdd77a5ca987baa8ec1ec4e639524a0b7d6ab84,2942.475983,Optical,e92bab2eef9ee23dc696cd258d4c433a2e100841b6992ef174c34ae7b9756e4f
110,550,,True,245.20633191666664,101,12,1.0,24,,True,fixed_hash,5,0,12,Optical,5.4949575000064215,11142.37991029577,2228.475982059154,1,39,3344c0c3c0c9b70bc2c9ecb9b0b1665cf3cc67c01f47d150d7a2cee978833f87,mixed,39,20260912T112035211585Z-s21014-G-a4324575,uniform,06593fc0a05e70f1e9e5925ee869d4641f3443a291cb3ab6984bbf16b8c4b71d,21014,b379d90fb1e232938e67d0444cdd77a5ca987baa8ec1ec4e639524a0b7d6ab84,2942.475983,OpticalRisk,3102d80144d068104997756caf0de4648c1aeadef8f0b77777bdbb218c7905fc
109,545,,True,244.05132616666666,101,12,1.0,24,,True,fixed_hash,0,0,12,Future,5.267288999995799,11113.079573318193,2222.6159146636387,0,36,3344c0c3c0c9b70bc2c9ecb9b0b1665cf3cc67c01f47d150d7a2cee978833f87,mixed,37,20260912T112037094254Z-s21014-G-3f5e7b58,uniform,06593fc0a05e70f1e9e5925ee869d4641f3443a291cb3ab6984bbf16b8c4b71d,21014,b379d90fb1e232938e67d0444cdd77a5ca987baa8ec1ec4e639524a0b7d6ab84,2928.615914,FutureAnchor,647c7e229ba59fae93958e3e8163c8df0930392c823c3a96e07fa684dc474c39
110,550,,True,245.05713833333334,101,12,1.0,24,,True,fixed_hash,0,0,12,Route,5.223858800003654,11148.42829584783,2229.685659169566,0,36,3344c0c3c0c9b70bc2c9ecb9b0b1665cf3cc67c01f47d150d7a2cee978833f87,mixed,38,20260912T112037270569Z-s21014-G-7c52472f,uniform,06593fc0a05e70f1e9e5925ee869d4641f3443a291cb3ab6984bbf16b8c4b71d,21014,b379d90fb1e232938e67d0444cdd77a5ca987baa8ec1ec4e639524a0b7d6ab84,2940.68566,RouteOrder,7c61cba261b6c1f96d32ec131e22c54c39d8a742f4c25f2bad4d4a349c554c54
109,545,,True,244.05132616666666,101,12,1.0,24,,True,fixed_hash,0,0,12,Future,5.520907099999022,11113.079573318193,2222.6159146636387,0,36,3344c0c3c0c9b70bc2c9ecb9b0b1665cf3cc67c01f47d150d7a2cee978833f87,mixed,37,20260912T112037178716Z-s21014-G-89c63686,uniform,06593fc0a05e70f1e9e5925ee869d4641f3443a291cb3ab6984bbf16b8c4b71d,21014,b379d90fb1e232938e67d0444cdd77a5ca987baa8ec1ec4e639524a0b7d6ab84,2928.615914,FutureRoute,0414f01a1f13ed58eb3a541389f2561a33062003b4baa3ce0e24792a7f2018b6
106,530,,True,182.1830920625,95,16,1.0,32,,True,fixed_hash,0,0,16,Gplus,8.424016899996786,11034.647367983473,2206.9294735966946,1,51,3344c0c3c0c9b70bc2c9ecb9b0b1665cf3cc67c01f47d150d7a2cee978833f87,mixed,60,20260912T112037840803Z-s21015-G-4b140c08,uniform,db251a333545f1a7e3c23743caeec3cbf3ed53d60b0d4cae8029dee446de4e2e,21015,b379d90fb1e232938e67d0444cdd77a5ca987baa8ec1ec4e639524a0b7d6ab84,2914.929473,Gplus,8415bde2ec5df89a72a65911c0bfd8a7d5ad306da146f80eb7207232f2cd0f4f
105,525,,True,181.5305384375,93,16,1.0,32,,True,fixed_hash,8,0,16,Optical,9.042731699999422,11032.443071075619,2206.4886142151236,0,48,3344c0c3c0c9b70bc2c9ecb9b0b1665cf3cc67c01f47d150d7a2cee978833f87,mixed,59,20260912T112040442529Z-s21015-G-a75e0a3b,uniform,db251a333545f1a7e3c23743caeec3cbf3ed53d60b0d4cae8029dee446de4e2e,21015,b379d90fb1e232938e67d0444cdd77a5ca987baa8ec1ec4e639524a0b7d6ab84,2904.488615,Optical,e92bab2eef9ee23dc696cd258d4c433a2e100841b6992ef174c34ae7b9756e4f
105,525,,True,182.0129608125,93,16,1.0,32,,True,fixed_hash,11,0,16,Optical,8.75872939999681,11056.036865597782,2211.2073731195565,1,51,3344c0c3c0c9b70bc2c9ecb9b0b1665cf3cc67c01f47d150d7a2cee978833f87,mixed,60,20260912T112040992518Z-s21015-G-1722e9de,uniform,db251a333545f1a7e3c23743caeec3cbf3ed53d60b0d4cae8029dee446de4e2e,21015,b379d90fb1e232938e67d0444cdd77a5ca987baa8ec1ec4e639524a0b7d6ab84,2912.207373,OpticalRisk,3102d80144d068104997756caf0de4648c1aeadef8f0b77777bdbb218c7905fc
96,480,,True,180.5394564375,86,16,1.0,32,,True,fixed_hash,0,0,16,Future,7.947860999993281,11213.156522768651,2242.6313045537304,0,48,3344c0c3c0c9b70bc2c9ecb9b0b1665cf3cc67c01f47d150d7a2cee978833f87,mixed,57,20260912T112042756622Z-s21015-G-5a9b3b04,uniform,db251a333545f1a7e3c23743caeec3cbf3ed53d60b0d4cae8029dee446de4e2e,21015,b379d90fb1e232938e67d0444cdd77a5ca987baa8ec1ec4e639524a0b7d6ab84,2888.631303,FutureRoute,0414f01a1f13ed58eb3a541389f2561a33062003b4baa3ce0e24792a7f2018b6
96,480,,True,180.5394564375,86,16,1.0,32,,True,fixed_hash,0,0,16,Future,8.068759700006922,11213.156522768651,2242.6313045537304,0,48,3344c0c3c0c9b70bc2c9ecb9b0b1665cf3cc67c01f47d150d7a2cee978833f87,mixed,57,20260912T112042642237Z-s21015-G-3d072c58,uniform,db251a333545f1a7e3c23743caeec3cbf3ed53d60b0d4cae8029dee446de4e2e,21015,b379d90fb1e232938e67d0444cdd77a5ca987baa8ec1ec4e639524a0b7d6ab84,2888.631303,FutureAnchor,647c7e229ba59fae93958e3e8163c8df0930392c823c3a96e07fa684dc474c39
106,530,,True,182.1830920625,95,16,1.0,32,,True,fixed_hash,0,0,16,Route,8.329428400000324,11034.647367983473,2206.9294735966946,1,51,3344c0c3c0c9b70bc2c9ecb9b0b1665cf3cc67c01f47d150d7a2cee978833f87,mixed,60,20260912T112042965129Z-s21015-G-a5b0f66b,uniform,db251a333545f1a7e3c23743caeec3cbf3ed53d60b0d4cae8029dee446de4e2e,21015,b379d90fb1e232938e67d0444cdd77a5ca987baa8ec1ec4e639524a0b7d6ab84,2914.929473,RouteOrder,7c61cba261b6c1f96d32ec131e22c54c39d8a742f4c25f2bad4d4a349c554c54
110,550,,True,248.7289660909091,102,11,1.0,22,,True,fixed_hash,0,0,11,Gplus,5.298943899993901,10145.09313908255,2029.01862781651,0,33,3344c0c3c0c9b70bc2c9ecb9b0b1665cf3cc67c01f47d150d7a2cee978833f87,mixed,33,20260912T112046514659Z-s21016-G-325c99fe,uniform,8fc6a917305946fddcdfc0b8a65b5f1051fa3a225367a0e81a02026e984f25eb,21016,b379d90fb1e232938e67d0444cdd77a5ca987baa8ec1ec4e639524a0b7d6ab84,2736.018627,Gplus,8415bde2ec5df89a72a65911c0bfd8a7d5ad306da146f80eb7207232f2cd0f4f
110,550,,True,248.9772522727273,102,11,1.0,22,,True,fixed_hash,12,0,11,Optical,5.995907599994098,10128.748883187753,2025.7497766375504,2,39,3344c0c3c0c9b70bc2c9ecb9b0b1665cf3cc67c01f47d150d7a2cee978833f87,mixed,35,20260912T112049736158Z-s21016-G-6d2b877e,uniform,8fc6a917305946fddcdfc0b8a65b5f1051fa3a225367a0e81a02026e984f25eb,21016,b379d90fb1e232938e67d0444cdd77a5ca987baa8ec1ec4e639524a0b7d6ab84,2738.749775,Optical,e92bab2eef9ee23dc696cd258d4c433a2e100841b6992ef174c34ae7b9756e4f
110,550,,True,248.9575662727273,102,11,1.0,22,,True,fixed_hash,12,0,11,Optical,6.048711199997342,10127.666149610772,2025.5332299221543,2,39,3344c0c3c0c9b70bc2c9ecb9b0b1665cf3cc67c01f47d150d7a2cee978833f87,mixed,35,20260912T112050054547Z-s21016-G-5f084ab5,uniform,8fc6a917305946fddcdfc0b8a65b5f1051fa3a225367a0e81a02026e984f25eb,21016,b379d90fb1e232938e67d0444cdd77a5ca987baa8ec1ec4e639524a0b7d6ab84,2738.533229,OpticalRisk,3102d80144d068104997756caf0de4648c1aeadef8f0b77777bdbb218c7905fc
107,535,,True,246.98474399999998,100,11,1.0,22,,True,fixed_hash,0,0,11,Future,5.368947800001479,10134.160918620564,2026.8321837241128,0,33,3344c0c3c0c9b70bc2c9ecb9b0b1665cf3cc67c01f47d150d7a2cee978833f87,mixed,30,20260912T112050943241Z-s21016-G-ef3c15db,uniform,8fc6a917305946fddcdfc0b8a65b5f1051fa3a225367a0e81a02026e984f25eb,21016,b379d90fb1e232938e67d0444cdd77a5ca987baa8ec1ec4e639524a0b7d6ab84,2716.832184,FutureAnchor,647c7e229ba59fae93958e3e8163c8df0930392c823c3a96e07fa684dc474c39
107,535,,True,246.98474399999998,100,11,1.0,22,,True,fixed_hash,0,0,11,Future,5.478575000001001,10134.160918620564,2026.8321837241128,0,33,3344c0c3c0c9b70bc2c9ecb9b0b1665cf3cc67c01f47d150d7a2cee978833f87,mixed,30,20260912T112050948335Z-s21016-G-b7c05c2a,uniform,8fc6a917305946fddcdfc0b8a65b5f1051fa3a225367a0e81a02026e984f25eb,21016,b379d90fb1e232938e67d0444cdd77a5ca987baa8ec1ec4e639524a0b7d6ab84,2716.832184,FutureRoute,0414f01a1f13ed58eb3a541389f2561a33062003b4baa3ce0e24792a7f2018b6
110,550,,True,248.7289660909091,102,11,1.0,22,,True,fixed_hash,0,0,11,Route,5.107778799996595,10145.09313908255,2029.01862781651,0,33,3344c0c3c0c9b70bc2c9ecb9b0b1665cf3cc67c01f47d150d7a2cee978833f87,mixed,33,20260912T112051522136Z-s21016-G-9f69678c,uniform,8fc6a917305946fddcdfc0b8a65b5f1051fa3a225367a0e81a02026e984f25eb,21016,b379d90fb1e232938e67d0444cdd77a5ca987baa8ec1ec4e639524a0b7d6ab84,2736.018627,RouteOrder,7c61cba261b6c1f96d32ec131e22c54c39d8a742f4c25f2bad4d4a349c554c54
