comparison,index,seed,baseline,candidate,baseline_total_s,candidate_total_s,difference_s,both_complete
compact__single,1,500001,compact,single,5824.600966,5854.556883,29.955917000000227,True
compact__single,2,500002,compact,single,5696.461523,5579.554034,-116.90748900000017,True
compact__single,3,500003,compact,single,5850.780619,5766.852623,-83.92799600000035,True
compact__single,4,500004,compact,single,5823.857873,5790.53949,-33.31838299999981,True
compact__single,5,500005,compact,single,5681.452544,5539.485525,-141.9670189999997,True
compact__single,6,500006,compact,single,5971.186107,6427.066341,455.8802339999993,True
compact__single,7,500007,compact,single,5390.995796,5393.176853,2.1810569999997824,True
compact__single,8,500008,compact,single,5700.653131,5677.471746,-23.181384999999864,True
compact__single,9,500009,compact,single,6145.287831,5947.872562,-197.41526900000008,True
compact__single,10,500010,compact,single,6379.004284,6212.871922,-166.13236199999938,True
compact__single,11,500011,compact,single,6354.503269,6151.197717,-203.3055519999998,True
compact__single,12,500012,compact,single,6283.394165,6278.454951,-4.939213999999993,True
compact__single,13,500013,compact,single,6350.379568,6210.235927,-140.14364100000057,True
compact__single,14,500014,compact,single,6470.708892,6430.309753,-40.399139000000105,True
compact__single,15,500015,compact,single,6444.838327,6442.73127,-2.107057000000168,True
compact__single,16,500016,compact,single,5338.922142,5265.798253,-73.12388900000042,True
compact__single,17,500017,compact,single,6546.417343,6222.094051,-324.32329200000004,True
compact__single,18,500018,compact,single,7297.065566,6666.875288,-630.190278,True
compact__single,19,500019,compact,single,6146.780348,6158.204631,11.424282999999377,True
compact__single,20,500020,compact,single,6274.377891,6167.371279,-107.00661200000013,True
compact__single,21,500021,compact,single,6401.68917,6350.926978,-50.76219199999923,True
compact__single,22,500022,compact,single,6473.517442,6294.09044,-179.42700200000036,True
compact__single,23,500023,compact,single,6440.464385,5749.384554,-691.079831,True
compact__single,24,500024,compact,single,5546.887854,5546.887854,0.0,True
compact__single,25,500025,compact,single,5781.959776,5683.703164,-98.25661200000013,True
compact__single,26,500026,compact,single,5753.394348,6374.27481,620.8804620000001,True
compact__single,27,500027,compact,single,5820.380188,5777.689039,-42.69114900000022,True
compact__single,28,500028,compact,single,5812.52466,5737.560934,-74.96372599999995,True
compact__single,29,500029,compact,single,6247.885908,6231.618271,-16.267636999999922,True
compact__single,30,500030,compact,single,6596.03641,5726.005758,-870.0306519999995,True
compact__stable,1,500001,compact,stable,5824.600966,5758.150438,-66.4505280000003,True
compact__stable,2,500002,compact,stable,5696.461523,5622.441056,-74.02046700000028,True
compact__stable,3,500003,compact,stable,5850.780619,6045.502731,194.72211199999947,True
compact__stable,4,500004,compact,stable,5823.857873,5806.222733,-17.63514000000032,True
compact__stable,5,500005,compact,stable,5681.452544,5675.854222,-5.5983219999998255,True
compact__stable,6,500006,compact,stable,5971.186107,5831.662928,-139.5231790000007,True
compact__stable,7,500007,compact,stable,5390.995796,5293.860669,-97.13512700000047,True
compact__stable,8,500008,compact,stable,5700.653131,5702.447419,1.7942880000000514,True
compact__stable,9,500009,compact,stable,6145.287831,6104.952091,-40.33573999999953,True
compact__stable,10,500010,compact,stable,6379.004284,6226.108248,-152.8960360000001,True
compact__stable,11,500011,compact,stable,6354.503269,6347.451933,-7.051335999999537,True
compact__stable,12,500012,compact,stable,6283.394165,6257.652151,-25.74201399999947,True
compact__stable,13,500013,compact,stable,6350.379568,6267.212973,-83.1665950000006,True
compact__stable,14,500014,compact,stable,6470.708892,6385.289269,-85.41962299999977,True
compact__stable,15,500015,compact,stable,6444.838327,6352.412527,-92.42579999999998,True
compact__stable,16,500016,compact,stable,5338.922142,5333.000976,-5.921166000000085,True
compact__stable,17,500017,compact,stable,6546.417343,6520.536504,-25.88083900000038,True
compact__stable,18,500018,compact,stable,7297.065566,7170.856673,-126.20889299999999,True
compact__stable,19,500019,compact,stable,6146.780348,6170.535096,23.75474799999938,True
compact__stable,20,500020,compact,stable,6274.377891,6006.78777,-267.5901210000002,True
compact__stable,21,500021,compact,stable,6401.68917,6421.615356,19.926186000000598,True
compact__stable,22,500022,compact,stable,6473.517442,6521.834871,48.31742899999972,True
compact__stable,23,500023,compact,stable,6440.464385,6420.763998,-19.700386999999864,True
compact__stable,24,500024,compact,stable,5546.887854,5553.237512,6.34965800000009,True
compact__stable,25,500025,compact,stable,5781.959776,5728.501914,-53.457861999999295,True
compact__stable,26,500026,compact,stable,5753.394348,5743.285898,-10.10844999999972,True
compact__stable,27,500027,compact,stable,5820.380188,5784.123002,-36.25718599999982,True
compact__stable,28,500028,compact,stable,5812.52466,5055.34788,-757.1767799999998,True
compact__stable,29,500029,compact,stable,6247.885908,6258.950946,11.065037999999731,True
compact__stable,30,500030,compact,stable,6596.03641,6571.456852,-24.57955799999945,True
single__single_stable,1,500001,single,single_stable,5854.556883,5675.899102,-178.6577809999999,True
single__single_stable,2,500002,single,single_stable,5579.554034,5545.960688,-33.593345999999656,True
single__single_stable,3,500003,single,single_stable,5766.852623,5816.089999,49.23737600000004,True
single__single_stable,4,500004,single,single_stable,5790.53949,5796.792138,6.252647999999681,True
single__single_stable,5,500005,single,single_stable,5539.485525,5597.331508,57.84598300000016,True
single__single_stable,6,500006,single,single_stable,6427.066341,5748.855407,-678.2109339999997,True
single__single_stable,7,500007,single,single_stable,5393.176853,5283.575691,-109.60116199999993,True
single__single_stable,8,500008,single,single_stable,5677.471746,5678.753043,1.2812969999995403,True
single__single_stable,9,500009,single,single_stable,5947.872562,5918.816093,-29.056468999999197,True
single__single_stable,10,500010,single,single_stable,6212.871922,6239.937197,27.06527499999993,True
single__single_stable,11,500011,single,single_stable,6151.197717,6057.239217,-93.95849999999973,True
single__single_stable,12,500012,single,single_stable,6278.454951,6232.750647,-45.704303999999865,True
single__single_stable,13,500013,single,single_stable,6210.235927,6088.023445,-122.21248199999991,True
single__single_stable,14,500014,single,single_stable,6430.309753,6237.831834,-192.47791899999993,True
single__single_stable,15,500015,single,single_stable,6442.73127,6079.887802,-362.84346800000003,True
single__single_stable,16,500016,single,single_stable,5265.798253,5208.191467,-57.606786000000284,True
single__single_stable,17,500017,single,single_stable,6222.094051,6362.068179,139.97412799999984,True
single__single_stable,18,500018,single,single_stable,6666.875288,6440.502324,-226.37296400000014,True
single__single_stable,19,500019,single,single_stable,6158.204631,5948.144687,-210.05994399999963,True
single__single_stable,20,500020,single,single_stable,6167.371279,5860.163899,-307.20737999999983,True
single__single_stable,21,500021,single,single_stable,6350.926978,6309.428731,-41.49824700000045,True
single__single_stable,22,500022,single,single_stable,6294.09044,6302.116636,8.0261959999998,True
single__single_stable,23,500023,single,single_stable,5749.384554,4958.997437,-790.3871170000002,True
single__single_stable,24,500024,single,single_stable,5546.887854,5533.198198,-13.689655999999559,True
single__single_stable,25,500025,single,single_stable,5683.703164,5672.961682,-10.74148199999945,True
single__single_stable,26,500026,single,single_stable,6374.27481,5642.686245,-731.588565,True
single__single_stable,27,500027,single,single_stable,5777.689039,5642.220272,-135.4687670000003,True
single__single_stable,28,500028,single,single_stable,5737.560934,4508.143462,-1229.417472,True
single__single_stable,29,500029,single,single_stable,6231.618271,6001.42851,-230.18976100000054,True
single__single_stable,30,500030,single,single_stable,5726.005758,5821.362091,95.35633299999972,True
stable__single_stable,1,500001,stable,single_stable,5758.150438,5675.899102,-82.25133599999936,True
stable__single_stable,2,500002,stable,single_stable,5622.441056,5545.960688,-76.48036799999954,True
stable__single_stable,3,500003,stable,single_stable,6045.502731,5816.089999,-229.41273199999978,True
stable__single_stable,4,500004,stable,single_stable,5806.222733,5796.792138,-9.430594999999812,True
stable__single_stable,5,500005,stable,single_stable,5675.854222,5597.331508,-78.52271399999972,True
stable__single_stable,6,500006,stable,single_stable,5831.662928,5748.855407,-82.80752099999972,True
stable__single_stable,7,500007,stable,single_stable,5293.860669,5283.575691,-10.284977999999683,True
stable__single_stable,8,500008,stable,single_stable,5702.447419,5678.753043,-23.694376000000375,True
stable__single_stable,9,500009,stable,single_stable,6104.952091,5918.816093,-186.13599799999974,True
stable__single_stable,10,500010,stable,single_stable,6226.108248,6239.937197,13.828949000000648,True
stable__single_stable,11,500011,stable,single_stable,6347.451933,6057.239217,-290.212716,True
stable__single_stable,12,500012,stable,single_stable,6257.652151,6232.750647,-24.901504000000386,True
stable__single_stable,13,500013,stable,single_stable,6267.212973,6088.023445,-179.18952799999988,True
stable__single_stable,14,500014,stable,single_stable,6385.289269,6237.831834,-147.45743500000026,True
stable__single_stable,15,500015,stable,single_stable,6352.412527,6079.887802,-272.5247250000002,True
stable__single_stable,16,500016,stable,single_stable,5333.000976,5208.191467,-124.80950900000062,True
stable__single_stable,17,500017,stable,single_stable,6520.536504,6362.068179,-158.46832499999982,True
stable__single_stable,18,500018,stable,single_stable,7170.856673,6440.502324,-730.3543490000002,True
stable__single_stable,19,500019,stable,single_stable,6170.535096,5948.144687,-222.39040899999964,True
stable__single_stable,20,500020,stable,single_stable,6006.78777,5860.163899,-146.62387099999978,True
stable__single_stable,21,500021,stable,single_stable,6421.615356,6309.428731,-112.18662500000028,True
stable__single_stable,22,500022,stable,single_stable,6521.834871,6302.116636,-219.71823500000028,True
stable__single_stable,23,500023,stable,single_stable,6420.763998,4958.997437,-1461.7665610000004,True
stable__single_stable,24,500024,stable,single_stable,5553.237512,5533.198198,-20.03931399999965,True
stable__single_stable,25,500025,stable,single_stable,5728.501914,5672.961682,-55.54023200000029,True
stable__single_stable,26,500026,stable,single_stable,5743.285898,5642.686245,-100.59965300000022,True
stable__single_stable,27,500027,stable,single_stable,5784.123002,5642.220272,-141.9027300000007,True
stable__single_stable,28,500028,stable,single_stable,5055.34788,4508.143462,-547.2044180000003,True
stable__single_stable,29,500029,stable,single_stable,6258.950946,6001.42851,-257.5224360000002,True
stable__single_stable,30,500030,stable,single_stable,6571.456852,5821.362091,-750.0947610000003,True
